criterion,workload,sagaFamily,positiveScenarios,totalScenarios,sourceTests,reference
COMPENSATED_READ_EXPOSURE,ef019eb258c89262dddfeed7279c00a43b2620e2854274aefdefb4f644becf2a,AddParticipant + LeaveTournament + RemoveTournament + UpdateTournament,2581,5184,"AddParticipantAndUpdateTournamentTest.add participant, update tournament, leave, and remove tournament",verifiers/target/full-map-5184-2026-09-17/map/reference.json
COMPENSATED_READ_EXPOSURE,242d3ef997d7a56426092ead4f39f934c23c4e209967f36a437f0d33eb650ad5,AddParticipant + LeaveTournament + RemoveTournament + UpdateTournament,1858,3918,,verifiers/target/allocator-factorial-2026-09-21/large-012-v3-reference.json
COMPENSATED_READ_EXPOSURE,734e11d1b94eeae0bfed1fe8756e37914f5719f86308eb9dbf390556fedccd60,AddParticipant + LeaveTournament + UpdateTournament,52,186,"AddParticipantAndUpdateTournamentTest.add participant, update tournament, leave, and remove tournament",verifiers/target/exhaustive-reference-2026-09-16/reference.json
COMPENSATED_READ_EXPOSURE,c099f2b1802793fdf4ed55fd5c45e3b8e410dcb51a90ab76e4765fa1ef99b173,AddParticipant + FindTournament + UpdateTournament,30,160,,verifiers/target/cluster-proteina06-2026-09-18/replay-complete/sources/008-join-update-query-c099f2b180/map/reference.json
COMPENSATED_READ_EXPOSURE,02cf5305c1279a7ba1484e6da8766ef84c4ba8f6456254f10290faa5282cf834,AddParticipant + FindTournament + UpdateTournament,14,104,,verifiers/target/cluster-proteina06-2026-09-18/replay-complete/sources/014-join-update-query-02cf5305c1/map/reference.json
COMPENSATED_READ_EXPOSURE,13810131c7b2856e3001d431ba87426c1c09b69ecc838ef7b2f8aae7e01e745a,AddParticipant + FindTournament + UpdateTournament,14,160,,verifiers/target/cluster-proteina06-2026-09-18/replay-complete/sources/020-join-update-query-13810131c7/map/reference.json
COMPENSATED_READ_EXPOSURE,9555c4645a94910cf48dc2459dd47eabee9fd532d561666e00113e4d9440fbdf,AddParticipant + FindTournament + UpdateTournament,6,72,,verifiers/target/cluster-proteina06-2026-09-18/replay-complete/sources/query-after-update/map/reference.json
COMPENSATED_READ_EXPOSURE,a308f424b252c1355a35baab75da17d728e4eddbcd14f549e0c64ba5e6278940,AddParticipant + FindTournament + UpdateTournament,6,48,,verifiers/target/cluster-proteina06-2026-09-18/replay-complete/sources/query-during-update/map/reference.json
COMPENSATED_READ_EXPOSURE,a603fd11d92f83fa04f9baa36a21658d3682eae22145e0a5ed3a575cf2805ccd,AddParticipant + FindTournament + UpdateTournament,6,160,,verifiers/target/cluster-proteina06-2026-09-18/replay-complete/sources/005-join-update-query-a603fd11d9/map/reference.json
COMPENSATED_READ_EXPOSURE,7d9a0c208910390d7c4ae8c09cdbcfc8e7d1e156f87312b26b3e18d965c3904e,FindTournament + UpdateTournament,2,16,AnonymizeStudentAndUpdateTournamentTest.concurrent: update - getOriginalTournamentStep; anonymize creator; update - resume; event; AnonymizeStudentAndUpdateTournamentTest.concurrent: update - updateTournamentStep; anonymize creator; update - resume; event,verifiers/target/allocator-local-pilot-2026-09-23/family-133-map-v9/reference.json
COMPENSATED_READ_EXPOSURE,8d7ab6e2d1aefe7448749b9e2124ef8bcb9083c0dbf2f98da145bae665fb0348,FindTournament + UpdateTournament,2,16,,verifiers/target/workload-search-2026-09-24/pilot40-source-snapshot/family-205-complete-map/reference.json
DELETED_DEPENDENCY,ef019eb258c89262dddfeed7279c00a43b2620e2854274aefdefb4f644becf2a,AddParticipant + LeaveTournament + RemoveTournament + UpdateTournament,2090,5184,"AddParticipantAndUpdateTournamentTest.add participant, update tournament, leave, and remove tournament",verifiers/target/full-map-5184-2026-09-17/map/reference.json
DELETED_DEPENDENCY,242d3ef997d7a56426092ead4f39f934c23c4e209967f36a437f0d33eb650ad5,AddParticipant + LeaveTournament + RemoveTournament + UpdateTournament,1782,3918,,verifiers/target/allocator-factorial-2026-09-21/large-012-v3-reference.json
DELETED_DEPENDENCY,23f9768282509c46a6a4a4fd62d51fa6bca64591ded719e9ab070257ba0ca09d,AddParticipant + LeaveTournament + RemoveTournament + UpdateTournament,150,3360,,verifiers/target/cluster-proteina06-2026-09-18/midday-analysis/009-join-update-leave-remove-23f9768282/map/reference.json
DELETED_DEPENDENCY,af094b4a2b29d4d732da71c44da940ede3ed6cb5fe57708e27d63496d3991991,RemoveTournament + UpdateTournament,32,71,"AddParticipantAndUpdateTournamentTest.add participant, update tournament, leave, and remove tournament; AddParticipantAndUpdateTournamentTest.update tournament then add participant",verifiers/target/workload-expansion-2026-09-25/family-138-map/reference.json
DELETED_DEPENDENCY,d5f03e4faa91ae3e09350b6b331df61688b6568dfd417e1c2a85d99628d1e2ce,AddParticipant + LeaveTournament + RemoveTournament,29,72,"AddParticipantAndUpdateTournamentTest.add participant, update tournament, leave, and remove tournament",verifiers/target/ga-confirmation-2026-09-16/reference/reference.json
DELETED_DEPENDENCY,43daecb06b9a74a660248bae4179802081dc5eecad2fc5f582732ae0fe282faa,FindTournament + RemoveTournament,2,8,,verifiers/target/cluster-proteina06-2026-09-18/replay-complete/sources/breadth-056-43daecb06b/pilot/reference.json
DELETED_DEPENDENCY,506b56cb24df8cbf227c41c1772df2165b4d7296327c253c9873ae7ab7321def,FindQuiz + RemoveTournament,2,8,,verifiers/target/workload-search-2026-09-24/pilot40-source-snapshot/family-201-complete-map/reference.json
DELETED_DEPENDENCY,618787ae619d95f9bc22000e2ee413ad4f8f4e44bd44c15e4d8aa9007340b6dc,FindTournament + RemoveTournament,2,8,,verifiers/target/cluster-proteina06-2026-09-18/replay-complete/sources/breadth-118-618787ae61/pilot/reference.json
DELETED_DEPENDENCY,a4ea1353f450eeecc10ca02a4ff4f61ce0ce1c6c566635ef3892228e4586cd3a,FindTournament + RemoveTournament,2,8,RemoveTournamentAndUpdateTournamentTest.concurrent: update - getOriginalTournamentStep; remove; update - resume; RemoveTournamentAndUpdateTournamentTest.sequential: update; remove,verifiers/target/allocator-local-pilot-2026-09-23/family-01-map-v2/reference.json
DELETED_DEPENDENCY,ac14e6f61404afbd4fdd342b0206513366e5496fe56b847d7d2fafe8c913075c,FindTournament + RemoveTournament,2,8,,verifiers/target/cluster-proteina01-2026-09-20/verified/verifiers/target/cluster-late-diversity-2026-09-20/late-02/combined-reference.json
DELETED_DEPENDENCY,147817000972dcda3e5fdc2d62b0b9e6a53081ab4a043cd9a8e65629516a3a5d,DeleteTopic,1,3,UpdateTournamentTest.delete a topic already used by a tournament,verifiers/target/workload-expansion-2026-09-25/delete-topic-question-map/reference.json
DELETED_DEPENDENCY,197c97cb5af7d281357b0c054b1b2b1394bf9b4a9b72638638bf8849618170c8,RemoveCourseExecution,1,4,AnonymizeStudentAndSolveQuizTest.DeleteCourseExecution event reaches an existing tournament,verifiers/target/event-route-measurement-2026-09-26/feature-preparation/measurements/197c97cb5af7d281357b0c054b1b2b1394bf9b4a9b72638638bf8849618170c8/map/reference.json
DELETED_DEPENDENCY,282d37a3a0d9a0e37b2e97af97e46ae354b5834074fcc013038c75fe9e4379de,RemoveQuestion,1,4,UpdateTournamentTest.remove a question already used by a tournament quiz,verifiers/target/workload-expansion-2026-09-25/remove-question-map-safe/reference.json
DELETED_DEPENDENCY,2b4b0d635e762dbc8ee9dabbe866a790982f168c4b39e6780b2b7dfd3e97409f,RemoveCourseExecution,1,4,RemoveCourseExecutionQuizAnswerReceiverTest.RemoveCourseExecution event route has an eligible quiz answer receiver,verifiers/target/workload-search-2026-09-24/remove-execution-answer-single/route1-map/reference.json
DELETED_DEPENDENCY,4766967faab25f8a909b9b97c45dfcbf79838ae86cf23457451fbc4e8a3e8347,RemoveTournament,1,4,,verifiers/target/cluster-proteina06-2026-09-18/replay-complete/sources/breadth-121-4766967faa/pilot/reference.json
DELETED_DEPENDENCY,63799c6abca418040aefde68cf4e517046372dbf8ca5c964078a7a35e7bfd604,RemoveCourseExecution,1,4,RemoveCourseExecutionQuizAnswerReceiverTest.RemoveCourseExecution event route has an eligible quiz answer receiver,verifiers/target/workload-search-2026-09-24/remove-execution-answer-single/route0-map/reference.json
DELETED_DEPENDENCY,ba47eecb83b916a965d5b2f3989da07c4b088eb4f9fd5e029385643fca16ab8e,RemoveCourseExecution,1,4,AnonymizeStudentAndSolveQuizTest.DeleteCourseExecution event reaches an existing tournament,verifiers/target/event-route-measurement-2026-09-26/feature-preparation/measurements/ba47eecb83b916a965d5b2f3989da07c4b088eb4f9fd5e029385643fca16ab8e/map/reference.json
DELETED_DEPENDENCY,bf2a68e032fcb3ad78dab1d18fe69f1b9ea89e819ba0b2c54c61e0743121d86d,RemoveCourseExecution,1,4,AnonymizeStudentAndSolveQuizTest.DeleteCourseExecution event reaches an existing tournament,verifiers/target/event-route-measurement-2026-09-26/feature-preparation/measurements/bf2a68e032fcb3ad78dab1d18fe69f1b9ea89e819ba0b2c54c61e0743121d86d/map/reference.json
DELETED_DEPENDENCY,d9fb3b5894d4a4cc7df9644b4c4b6887627ad118016f202d2099b8ae52670cfa,RemoveTournament,1,4,,verifiers/target/cluster-proteina06-2026-09-18/replay-complete/sources/breadth-060-d9fb3b5894/pilot/reference.json
DELETED_DEPENDENCY,ea738480ea71878555cc18f49f8e081c802543d498189beff6b30468e2ac8ec4,DeleteTopic,1,3,UpdateTournamentTest.delete a topic already used by a tournament,verifiers/target/workload-expansion-2026-09-25/delete-topic-no-event-map/reference.json
DELETED_DEPENDENCY,f40293882dd7a84b9e2811bd9343f8dde1bc53a31ede634ed77a90e947a56cb7,RemoveCourseExecution,1,4,AnonymizeStudentAndSolveQuizTest.DeleteCourseExecution event reaches an existing tournament,verifiers/target/event-route-measurement-2026-09-26/feature-preparation/measurements/f40293882dd7a84b9e2811bd9343f8dde1bc53a31ede634ed77a90e947a56cb7/map/reference.json
DELETED_DEPENDENCY,fee5623a44cb206f59dab19213024545b895b1a2d2ecefbe546cfd91845df505,DeleteTopic,1,3,UpdateTournamentTest.delete a topic already used by a tournament,verifiers/target/workload-expansion-2026-09-25/delete-topic-tournament-map/reference.json
FAILED_OPERATION_RESIDUAL,ef019eb258c89262dddfeed7279c00a43b2620e2854274aefdefb4f644becf2a,AddParticipant + LeaveTournament + RemoveTournament + UpdateTournament,4047,5184,"AddParticipantAndUpdateTournamentTest.add participant, update tournament, leave, and remove tournament",verifiers/target/full-map-5184-2026-09-17/map/reference.json
FAILED_OPERATION_RESIDUAL,242d3ef997d7a56426092ead4f39f934c23c4e209967f36a437f0d33eb650ad5,AddParticipant + LeaveTournament + RemoveTournament + UpdateTournament,3222,3918,,verifiers/target/allocator-factorial-2026-09-21/large-012-v3-reference.json
FAILED_OPERATION_RESIDUAL,23f9768282509c46a6a4a4fd62d51fa6bca64591ded719e9ab070257ba0ca09d,AddParticipant + LeaveTournament + RemoveTournament + UpdateTournament,2622,3360,,verifiers/target/cluster-proteina06-2026-09-18/midday-analysis/009-join-update-leave-remove-23f9768282/map/reference.json
FAILED_OPERATION_RESIDUAL,67fdbe34106951e99cfe30676dd99848f67998813f7a4330ea55d8037548b583,CreateQuestion + CreateTournamentAsync,117,222,CreateTournamentAsyncTest.create tournament using async functionality,verifiers/target/allocator-local-pilot-2026-09-23/family-104-map-four-v11/reference.json
FAILED_OPERATION_RESIDUAL,734e11d1b94eeae0bfed1fe8756e37914f5719f86308eb9dbf390556fedccd60,AddParticipant + LeaveTournament + UpdateTournament,114,186,"AddParticipantAndUpdateTournamentTest.add participant, update tournament, leave, and remove tournament",verifiers/target/exhaustive-reference-2026-09-16/reference.json
FAILED_OPERATION_RESIDUAL,13810131c7b2856e3001d431ba87426c1c09b69ecc838ef7b2f8aae7e01e745a,AddParticipant + FindTournament + UpdateTournament,104,160,,verifiers/target/cluster-proteina06-2026-09-18/replay-complete/sources/020-join-update-query-13810131c7/map/reference.json
FAILED_OPERATION_RESIDUAL,a603fd11d92f83fa04f9baa36a21658d3682eae22145e0a5ed3a575cf2805ccd,AddParticipant + FindTournament + UpdateTournament,104,160,,verifiers/target/cluster-proteina06-2026-09-18/replay-complete/sources/005-join-update-query-a603fd11d9/map/reference.json
FAILED_OPERATION_RESIDUAL,c099f2b1802793fdf4ed55fd5c45e3b8e410dcb51a90ab76e4765fa1ef99b173,AddParticipant + FindTournament + UpdateTournament,104,160,,verifiers/target/cluster-proteina06-2026-09-18/replay-complete/sources/008-join-update-query-c099f2b180/map/reference.json
FAILED_OPERATION_RESIDUAL,6d70d90b5c54ead3539ab2c423f6c52759ede7e1a1d227bd4cc55f7fd73c0f6b,FindQuiz + UpdateTopic + UpdateTournament,102,176,UpdateTournamentTest.update topic and tournament then read their quiz,verifiers/target/workload-expansion-2026-09-25/tournament-event-overwrite-map-safe/reference.json
FAILED_OPERATION_RESIDUAL,02cf5305c1279a7ba1484e6da8766ef84c4ba8f6456254f10290faa5282cf834,AddParticipant + FindTournament + UpdateTournament,60,104,,verifiers/target/cluster-proteina06-2026-09-18/replay-complete/sources/014-join-update-query-02cf5305c1/map/reference.json
FAILED_OPERATION_RESIDUAL,dfc87108c9dcda1501b7689e23b5d72f9ddf61494508c9f7eaef1ea163abc542,AddParticipant + FindTournament + UpdateTournament,60,104,,verifiers/target/cluster-proteina06-2026-09-18/replay-complete/sources/011-join-update-query-dfc87108c9/map/reference.json
FAILED_OPERATION_RESIDUAL,6a25ff8183416a43ffca9c08101c1cf76176fe3f162735fce3761c7dd408ca1b,CreateCourseExecution + CreateQuestion,47,125,RemoveCourseExecutionTest.createCourseExecution; RemoveCourseExecutionTest.createQuestion,verifiers/target/allocator-local-pilot-2026-09-23/family-72-map-four-v11/reference.json
FAILED_OPERATION_RESIDUAL,08d3e836ab00f670ca83c02b5cae2960f23bba143ef162fe0a8e2a88d3f3d772,FindQuiz + UpdateTopic + UpdateTournament,38,116,UpdateTournamentTest.update topic and tournament then read their quiz,verifiers/target/workload-expansion-2026-09-25/story-stale-map/reference.json
FAILED_OPERATION_RESIDUAL,9555c4645a94910cf48dc2459dd47eabee9fd532d561666e00113e4d9440fbdf,AddParticipant + FindTournament + UpdateTournament,36,72,,verifiers/target/cluster-proteina06-2026-09-18/replay-complete/sources/query-after-update/map/reference.json
FAILED_OPERATION_RESIDUAL,af094b4a2b29d4d732da71c44da940ede3ed6cb5fe57708e27d63496d3991991,RemoveTournament + UpdateTournament,34,71,"AddParticipantAndUpdateTournamentTest.add participant, update tournament, leave, and remove tournament; AddParticipantAndUpdateTournamentTest.update tournament then add participant",verifiers/target/workload-expansion-2026-09-25/family-138-map/reference.json
FAILED_OPERATION_RESIDUAL,67a72159f5484054f5cbf5e4f555438aafbb72a9120057e13c7c9b3cefb6457e,AddParticipant + UpdateTournament,30,52,,verifiers/target/cluster-proteina06-2026-09-18/replay-complete/sources/001-join-update-67a72159f5/map/reference.json
FAILED_OPERATION_RESIDUAL,d5f03e4faa91ae3e09350b6b331df61688b6568dfd417e1c2a85d99628d1e2ce,AddParticipant + LeaveTournament + RemoveTournament,29,72,"AddParticipantAndUpdateTournamentTest.add participant, update tournament, leave, and remove tournament",verifiers/target/ga-confirmation-2026-09-16/reference/reference.json
FAILED_OPERATION_RESIDUAL,e77b5a81bd6ca0746ba1aa4a7dd624d52de1a53f442dec9a46defb780dceb57e,FindTournament + UpdateTopic + UpdateTournament,26,82,UpdateTournamentTest.update topic and tournament successfully; UpdateTournamentTest.update tournament successfully; UpdateTournamentTest.update tournament with negative numberOfQuestions violates TOURNAMENT_NUMBER_OF_QUESTIONS_POSITIVE,verifiers/target/allocator-local-pilot-2026-09-23/family-140-map-v10/reference.json
FAILED_OPERATION_RESIDUAL,1d79a9a1d6e26450402beba2893ef1c1d4a11935614df6034f371407a5aa3c87,UpdateTopic + UpdateTournament,20,62,,verifiers/target/allocator-factorial-2026-09-21/recovery-late-event-v3-reference.json
FAILED_OPERATION_RESIDUAL,09012cdb7635d5e9fa5f0c805077456689fb1174382f68f45041eb91171a8bf7,UpdateTopic + UpdateTournament,17,44,,verifiers/target/cluster-proteina01-2026-09-20/verified/verifiers/target/cluster-topic-continuation-2026-09-20/topic/combined-reference.json
FAILED_OPERATION_RESIDUAL,4d36f10b68efc977d9495444fdf2f181b1df64b788d474c897b0e98f33ab2f7e,UpdateTopic + UpdateTournament,15,35,,verifiers/target/cluster-proteina01-2026-09-20/verified/verifiers/target/cluster-topic-orders-2026-09-20/no-event/combined-reference.json
FAILED_OPERATION_RESIDUAL,7d1ba58828b3fff6f090a0a9c964a50f6acf7e02c4942d7da1e84d4a53404275,UpdateTopic + UpdateTournament,15,37,UpdateTournamentTest.update topic and tournament successfully; UpdateTournamentTest.update tournament successfully,verifiers/target/allocator-local-pilot-2026-09-23/family-03-map-v2/reference.json
FAILED_OPERATION_RESIDUAL,c98fc9c011d2cdaeb8ddae7c40544ba62dad0e18ae479abea257bee572e98fce,AddStudent + RemoveCourseExecution,15,29,RemoveCourseExecutionQuizAnswerReceiverTest.RemoveCourseExecution event route has an eligible quiz answer receiver,verifiers/target/workload-expansion-2026-09-25/family-53-map/reference.json
FAILED_OPERATION_RESIDUAL,0763c8495d7d457a14d226b986d83a54a1d431b2dcc8e690f3a35ac6fdd9f311,AddParticipant + UpdateTournament,14,36,,verifiers/target/cluster-proteina06-2026-09-18/replay-complete/sources/022-join-update-0763c8495d/map/reference.json
FAILED_OPERATION_RESIDUAL,806b968b0fe868da6804b3b18117c1e152003ba7a06242bddea2ce8d2d9f014a,AddParticipant + UpdateTournament,14,30,,verifiers/target/cluster-proteina06-2026-09-18/replay-complete/sources/016-join-update-806b968b0f/map/reference.json
FAILED_OPERATION_RESIDUAL,50f10adc88c17e271fe70babe11d8d9a80534eba04c4c5beb24a408ffa37fdd7,UpdateTopic + UpdateTournament,13,41,UpdateTournamentTest.update topic and tournament successfully; UpdateTournamentTest.update tournament successfully,verifiers/target/allocator-local-pilot-2026-09-23/family-14-map-v4/reference.json
FAILED_OPERATION_RESIDUAL,56cfea865c00496352e19d36ed23db020be7a2e000763aa8e598d761e4112cef,LeaveTournament + UpdateTournament,13,33,"AddParticipantAndUpdateTournamentTest.add participant, update tournament, leave, and remove tournament",verifiers/target/workload-expansion-2026-09-25/family-136-map/reference.json
FAILED_OPERATION_RESIDUAL,0c3d4232347f0eb3ddf8c76b0fc865c3c8e2c8c8616f774613a053db147d3397,AddParticipant + FindTournament + UpdateTournament,12,36,,verifiers/target/cluster-proteina06-2026-09-18/replay-complete/sources/017-join-update-query-0c3d423234/map/reference.json
FAILED_OPERATION_RESIDUAL,16ee32182dbcb47f1785e27a17cd875bd3b5c1db459e00cfc726892e081628ed,FindQuiz + FindTournament + UpdateTournament,12,24,UpdateTournamentTest.concurrent update of tournament; UpdateTournamentTest.update tournament aborts when trying to create a quiz and there are not enough questions; UpdateTournamentTest.update tournament with negative numberOfQuestions violates TOURNAMENT_NUMBER_OF_QUESTIONS_POSITIVE,verifiers/target/workload-expansion-2026-09-25/family-144-map/reference.json
FAILED_OPERATION_RESIDUAL,2f62ebc8f98ecebfef9ba8b6d506ddaca2376d48a852a1eea9ab98af1a6ecc17,AddParticipant + FindTournament + UpdateTournament,12,36,,verifiers/target/cluster-proteina06-2026-09-18/replay-complete/sources/002-join-update-query-2f62ebc8f9/map/reference.json
FAILED_OPERATION_RESIDUAL,a308f424b252c1355a35baab75da17d728e4eddbcd14f549e0c64ba5e6278940,AddParticipant + FindTournament + UpdateTournament,12,48,,verifiers/target/cluster-proteina06-2026-09-18/replay-complete/sources/query-during-update/map/reference.json
FAILED_OPERATION_RESIDUAL,fe399af06dc303b6d816a836c5e87104724dcdb1ac6e893669bd36e548d9019a,AddParticipant + FindTournament + UpdateTournament,12,36,,verifiers/target/cluster-proteina06-2026-09-18/replay-complete/sources/query-before-update/map/reference.json
FAILED_OPERATION_RESIDUAL,edf68c816c6ce7e815f89c06c528233f717f599fe39bdabaf6d1b6f2de3c0369,CreateTopic + RemoveCourseExecution,10,26,RemoveCourseExecutionTest.can remove a non-last course execution for a course even when the course has content,verifiers/target/allocator-local-pilot-2026-09-23/family-92-map-four-v11/reference.json
FAILED_OPERATION_RESIDUAL,7c26d665df5b33f0672bf9369d5687fa76cce5b35e5bf3f9cbe5a53dc91a8c85,AddParticipant + UpdateTournament,6,18,,verifiers/target/cluster-proteina06-2026-09-18/replay-complete/sources/004-join-update-7c26d665df/map/reference.json
FAILED_OPERATION_RESIDUAL,1dc403f4facceacf0593664a93ba5282cdbb224b06c902c0ecac6904ccdbeeeb,FindTournament + UpdateTournament,4,12,,verifiers/target/cluster-proteina06-2026-09-18/replay-complete/sources/breadth-058-1dc403f4fa/pilot/reference.json
FAILED_OPERATION_RESIDUAL,6e2476982e82ed01d8992465f96f244d00d5b643aeb7e5c528812dbe2a2ad19d,FindQuiz + UpdateTournament,4,12,UpdateTournamentTest.concurrent update of tournament; UpdateTournamentTest.update tournament successfully,verifiers/target/allocator-local-pilot-2026-09-23/family-114-map-v9/reference.json
FAILED_OPERATION_RESIDUAL,7d9a0c208910390d7c4ae8c09cdbcfc8e7d1e156f87312b26b3e18d965c3904e,FindTournament + UpdateTournament,4,16,AnonymizeStudentAndUpdateTournamentTest.concurrent: update - getOriginalTournamentStep; anonymize creator; update - resume; event; AnonymizeStudentAndUpdateTournamentTest.concurrent: update - updateTournamentStep; anonymize creator; update - resume; event,verifiers/target/allocator-local-pilot-2026-09-23/family-133-map-v9/reference.json
FAILED_OPERATION_RESIDUAL,8d7ab6e2d1aefe7448749b9e2124ef8bcb9083c0dbf2f98da145bae665fb0348,FindTournament + UpdateTournament,4,16,,verifiers/target/workload-search-2026-09-24/pilot40-source-snapshot/family-205-complete-map/reference.json
FAILED_OPERATION_RESIDUAL,20bd52195677ebaadb74b87fbaba8a76c0ae00e2ec87f10fab1909904b4da6e3,UpdateTournament,2,6,,verifiers/target/cluster-proteina06-2026-09-18/replay-complete/sources/breadth-123-20bd521956/pilot/reference.json
FAILED_OPERATION_RESIDUAL,43daecb06b9a74a660248bae4179802081dc5eecad2fc5f582732ae0fe282faa,FindTournament + RemoveTournament,2,8,,verifiers/target/cluster-proteina06-2026-09-18/replay-complete/sources/breadth-056-43daecb06b/pilot/reference.json
FAILED_OPERATION_RESIDUAL,506b56cb24df8cbf227c41c1772df2165b4d7296327c253c9873ae7ab7321def,FindQuiz + RemoveTournament,2,8,,verifiers/target/workload-search-2026-09-24/pilot40-source-snapshot/family-201-complete-map/reference.json
FAILED_OPERATION_RESIDUAL,5cebe5046b8865a0d3bbbefe78c828758ac9e7fae6b1a1e3c748f1b20998a6a7,GetCourseExecutions + RemoveCourseExecution,2,8,RemoveCourseExecutionFaultTest.course execution still exists when getCourseExecutionStep fails; RemoveCourseExecutionFaultTest.course execution still exists when removeCourseExecutionStep fails,verifiers/target/allocator-local-pilot-2026-09-23/family-87-map-v9/reference.json
FAILED_OPERATION_RESIDUAL,618787ae619d95f9bc22000e2ee413ad4f8f4e44bd44c15e4d8aa9007340b6dc,FindTournament + RemoveTournament,2,8,,verifiers/target/cluster-proteina06-2026-09-18/replay-complete/sources/breadth-118-618787ae61/pilot/reference.json
FAILED_OPERATION_RESIDUAL,a4ea1353f450eeecc10ca02a4ff4f61ce0ce1c6c566635ef3892228e4586cd3a,FindTournament + RemoveTournament,2,8,RemoveTournamentAndUpdateTournamentTest.concurrent: update - getOriginalTournamentStep; remove; update - resume; RemoveTournamentAndUpdateTournamentTest.sequential: update; remove,verifiers/target/allocator-local-pilot-2026-09-23/family-01-map-v2/reference.json
FAILED_OPERATION_RESIDUAL,ac14e6f61404afbd4fdd342b0206513366e5496fe56b847d7d2fafe8c913075c,FindTournament + RemoveTournament,2,8,,verifiers/target/cluster-proteina01-2026-09-20/verified/verifiers/target/cluster-late-diversity-2026-09-20/late-02/combined-reference.json
FAILED_OPERATION_RESIDUAL,0705b39ad71b92ae23e9578e248cbc2601f7dfb38bea763bcdadc86242ef4cc4,RemoveCourseExecution,1,4,,verifiers/target/cluster-proteina06-2026-09-18/replay-complete/sources/breadth-027-0705b39ad7/pilot/reference.json
FAILED_OPERATION_RESIDUAL,197c97cb5af7d281357b0c054b1b2b1394bf9b4a9b72638638bf8849618170c8,RemoveCourseExecution,1,4,AnonymizeStudentAndSolveQuizTest.DeleteCourseExecution event reaches an existing tournament,verifiers/target/event-route-measurement-2026-09-26/feature-preparation/measurements/197c97cb5af7d281357b0c054b1b2b1394bf9b4a9b72638638bf8849618170c8/map/reference.json
FAILED_OPERATION_RESIDUAL,2b4b0d635e762dbc8ee9dabbe866a790982f168c4b39e6780b2b7dfd3e97409f,RemoveCourseExecution,1,4,RemoveCourseExecutionQuizAnswerReceiverTest.RemoveCourseExecution event route has an eligible quiz answer receiver,verifiers/target/workload-search-2026-09-24/remove-execution-answer-single/route1-map/reference.json
FAILED_OPERATION_RESIDUAL,4766967faab25f8a909b9b97c45dfcbf79838ae86cf23457451fbc4e8a3e8347,RemoveTournament,1,4,,verifiers/target/cluster-proteina06-2026-09-18/replay-complete/sources/breadth-121-4766967faa/pilot/reference.json
FAILED_OPERATION_RESIDUAL,63799c6abca418040aefde68cf4e517046372dbf8ca5c964078a7a35e7bfd604,RemoveCourseExecution,1,4,RemoveCourseExecutionQuizAnswerReceiverTest.RemoveCourseExecution event route has an eligible quiz answer receiver,verifiers/target/workload-search-2026-09-24/remove-execution-answer-single/route0-map/reference.json
FAILED_OPERATION_RESIDUAL,a98059ab10b580a559ab1c12d057013090bd2b5b0c55df3f109ae570cab891e4,RemoveCourseExecution,1,4,,verifiers/target/cluster-proteina01-2026-09-20/verified/verifiers/target/cluster-late-diversity-2026-09-20/late-04/combined-reference.json
FAILED_OPERATION_RESIDUAL,ba47eecb83b916a965d5b2f3989da07c4b088eb4f9fd5e029385643fca16ab8e,RemoveCourseExecution,1,4,AnonymizeStudentAndSolveQuizTest.DeleteCourseExecution event reaches an existing tournament,verifiers/target/event-route-measurement-2026-09-26/feature-preparation/measurements/ba47eecb83b916a965d5b2f3989da07c4b088eb4f9fd5e029385643fca16ab8e/map/reference.json
FAILED_OPERATION_RESIDUAL,bf2a68e032fcb3ad78dab1d18fe69f1b9ea89e819ba0b2c54c61e0743121d86d,RemoveCourseExecution,1,4,AnonymizeStudentAndSolveQuizTest.DeleteCourseExecution event reaches an existing tournament,verifiers/target/event-route-measurement-2026-09-26/feature-preparation/measurements/bf2a68e032fcb3ad78dab1d18fe69f1b9ea89e819ba0b2c54c61e0743121d86d/map/reference.json
FAILED_OPERATION_RESIDUAL,d53ab56d5d7842991016c1c260c699235e08701018c155565067d47f506347da,RemoveCourseExecution,1,4,,verifiers/target/cluster-proteina06-2026-09-18/replay-complete/sources/breadth-094-d53ab56d5d/pilot/reference.json
FAILED_OPERATION_RESIDUAL,d9fb3b5894d4a4cc7df9644b4c4b6887627ad118016f202d2099b8ae52670cfa,RemoveTournament,1,4,,verifiers/target/cluster-proteina06-2026-09-18/replay-complete/sources/breadth-060-d9fb3b5894/pilot/reference.json
FAILED_OPERATION_RESIDUAL,f40293882dd7a84b9e2811bd9343f8dde1bc53a31ede634ed77a90e947a56cb7,RemoveCourseExecution,1,4,AnonymizeStudentAndSolveQuizTest.DeleteCourseExecution event reaches an existing tournament,verifiers/target/event-route-measurement-2026-09-26/feature-preparation/measurements/f40293882dd7a84b9e2811bd9343f8dde1bc53a31ede634ed77a90e947a56cb7/map/reference.json
LOST_COPIED_UPDATE,6d70d90b5c54ead3539ab2c423f6c52759ede7e1a1d227bd4cc55f7fd73c0f6b,FindQuiz + UpdateTopic + UpdateTournament,14,176,UpdateTournamentTest.update topic and tournament then read their quiz,verifiers/target/workload-expansion-2026-09-25/tournament-event-overwrite-map-safe/reference.json
LOST_COPIED_UPDATE,50f10adc88c17e271fe70babe11d8d9a80534eba04c4c5beb24a408ffa37fdd7,UpdateTopic + UpdateTournament,4,41,UpdateTournamentTest.update topic and tournament successfully; UpdateTournamentTest.update tournament successfully,verifiers/target/allocator-local-pilot-2026-09-23/family-14-map-v4/reference.json
LOST_COPIED_UPDATE,e77b5a81bd6ca0746ba1aa4a7dd624d52de1a53f442dec9a46defb780dceb57e,FindTournament + UpdateTopic + UpdateTournament,4,82,UpdateTournamentTest.update topic and tournament successfully; UpdateTournamentTest.update tournament successfully; UpdateTournamentTest.update tournament with negative numberOfQuestions violates TOURNAMENT_NUMBER_OF_QUESTIONS_POSITIVE,verifiers/target/allocator-local-pilot-2026-09-23/family-140-map-v10/reference.json
LOST_COPIED_UPDATE,1d79a9a1d6e26450402beba2893ef1c1d4a11935614df6034f371407a5aa3c87,UpdateTopic + UpdateTournament,2,62,,verifiers/target/allocator-factorial-2026-09-21/recovery-late-event-v3-reference.json
UNRESOLVED_DELIVERED_EVENT,22e785bc8ae74cc1f4160e8dd0ea764675d8e06baa141ad56952bc3c3ed428d8,UpdateQuestion,1,3,UpdateTournamentTest.update a question already included in a tournament quiz,verifiers/target/event-question-normal-2026-09-24/event-map/reference.json
UNRESOLVED_DELIVERED_EVENT,95b30ae8d8591e9cde5de3e0f38a41f3fe4bc08b0398bfa0b85fabd1cfc66df1,FindQuestionByAggregateId + UpdateQuestion,1,8,UpdateTournamentTest.update a question already included in a tournament quiz,verifiers/target/workload-expansion-2026-09-25/event-question-read-map/reference.json
UNRESOLVED_DELIVERED_EVENT,fee5623a44cb206f59dab19213024545b895b1a2d2ecefbe546cfd91845df505,DeleteTopic,1,3,UpdateTournamentTest.delete a topic already used by a tournament,verifiers/target/workload-expansion-2026-09-25/delete-topic-tournament-map/reference.json
