id,label,sourceTests,sagaFamily,scenarios,baseline96,runtimeSignature,jointPositive,jointZero,jointUnavailable,noFaultPositive,DELETED_DEPENDENCYPositive,DELETED_DEPENDENCYZero,DELETED_DEPENDENCYUnavailable,FAILED_OPERATION_RESIDUALPositive,FAILED_OPERATION_RESIDUALZero,FAILED_OPERATION_RESIDUALUnavailable,UNRESOLVED_DELIVERED_EVENTPositive,UNRESOLVED_DELIVERED_EVENTZero,UNRESOLVED_DELIVERED_EVENTUnavailable,COMPENSATED_READ_EXPOSUREPositive,COMPENSATED_READ_EXPOSUREZero,COMPENSATED_READ_EXPOSUREUnavailable,LOST_COPIED_UPDATEPositive,LOST_COPIED_UPDATEZero,LOST_COPIED_UPDATEUnavailable
e0cb2936b956f969002c650e97f24122ed1216005b52fd750807b9f4988cbf07,breadth-125-e0cb2936b9,,ActivateUser,2,True,8a661eab3bd3fbdab5caad8602eae7be6e8839595458f1dfb6c5903d2d13520d,0,2,0,0,0,2,0,0,2,0,0,2,0,0,2,0,0,2,0
ea782cdd59c27e105edaeb699330d4de6a7edcbdf3f7d8f81f6d5aa0e1f1012b,breadth-066-ea782cdd59,,ActivateUser,2,True,8a661eab3bd3fbdab5caad8602eae7be6e8839595458f1dfb6c5903d2d13520d,0,2,0,0,0,2,0,0,2,0,0,2,0,0,2,0,0,2,0
24e2001018653367d190b7cd940b273373c547275c37a1db78dc3a792dabcb9e,breadth-110-24e2001018,,AddParticipant,3,True,8a661eab3bd3fbdab5caad8602eae7be6e8839595458f1dfb6c5903d2d13520d,0,3,0,0,0,3,0,0,3,0,0,3,0,0,3,0,0,3,0
c8209081a67dbabf131f950f28a27166fd1dd6a4965fc8aa5ca9169610fde1f4,breadth-046-c8209081a6,,AddParticipant,3,True,8a661eab3bd3fbdab5caad8602eae7be6e8839595458f1dfb6c5903d2d13520d,0,3,0,0,0,3,0,0,3,0,0,3,0,0,3,0,0,3,0
f1c59464141700389fa00d544ac76e43075b6367820ba882834aed3c52ecfb2c,,AddParticipantTest.concurrent: add two participants to tournament,AddParticipant + AddStudent,9,False,ca369a93e7157a22e2d792ec6cd215d87f78cca403ce63cca6953f27c19803c6,0,9,0,0,0,9,0,0,9,0,0,9,0,0,9,0,0,9,0
afb1774f08a3ad5d59c64a767c5658179ff9088e4d7358403d2e08a292783221,breadth-017-afb1774f08,,AddParticipant + AnonymizeStudent,14,True,8a661eab3bd3fbdab5caad8602eae7be6e8839595458f1dfb6c5903d2d13520d,0,14,0,0,0,14,0,0,14,0,0,14,0,0,14,0,0,14,0
b120c708f91a669ae494010f1dd89f8cea006235fef20ce080a1a8f6464f1c19,diversity-05,,AddParticipant + AnonymizeStudent,14,True,b177f1850ea34a516fa6db7e18616444773350def99bf26ec371dd4a9b6d7322,0,14,0,0,0,14,0,0,14,0,0,14,0,0,14,0,0,14,0
09870ac257900e8644893185a9a25330442bc058008e2edb5a85a54447a225f5,breadth-111-09870ac257,,AddParticipant + FindTournament,6,True,8a661eab3bd3fbdab5caad8602eae7be6e8839595458f1dfb6c5903d2d13520d,0,6,0,0,0,6,0,0,6,0,0,6,0,0,6,0,0,6,0
5736e1470f45125e336601410c97facb637c8cde5df4bcb6bce598b0bcda0843,breadth-047-5736e1470f,,AddParticipant + FindTournament,6,True,8a661eab3bd3fbdab5caad8602eae7be6e8839595458f1dfb6c5903d2d13520d,0,6,0,0,0,6,0,0,6,0,0,6,0,0,6,0,0,6,0
7f0bae50eaed03a4f8bac6243a99a613a8fb6fccd47085db94900cdb0f03ba52,,AddParticipantAndUpdateStudentNameTest.concurrent - add creator: add-s1; update; event; add-s2; AddParticipantAndUpdateStudentNameTest.sequential - add creator: update; event; add,AddParticipant + FindTournament,6,False,ca369a93e7157a22e2d792ec6cd215d87f78cca403ce63cca6953f27c19803c6,0,6,0,0,0,6,0,0,6,0,0,6,0,0,6,0,0,6,0
b6b321b373f91dc4a3c83265364e34968fc3c88d3bbaa187ec7b92511f42b41c,,AddParticipantAndUpdateStudentNameTest.concurrent - add creator: add-s1; update; event; add-s2; AddParticipantAndUpdateStudentNameTest.sequential: update; add,AddParticipant + FindTournament,6,False,ca369a93e7157a22e2d792ec6cd215d87f78cca403ce63cca6953f27c19803c6,0,6,0,0,0,6,0,0,6,0,0,6,0,0,6,0,0,6,0
ead0cdf7590b04bb46decb5764d31527232c9cc5ed36d921ed038ad039506f68,,AddParticipantAndUpdateStudentNameTest.sequential: update; add,AddParticipant + FindTournament,6,False,ca369a93e7157a22e2d792ec6cd215d87f78cca403ce63cca6953f27c19803c6,0,6,0,0,0,6,0,0,6,0,0,6,0,0,6,0,0,6,0
60bf9a799c48fe0d99dafc85b706796aeb6129cc28629a000f996706f681b159,breadth-101-60bf9a799c,,AddParticipant + FindTournament + UpdateStudentName,12,True,8a661eab3bd3fbdab5caad8602eae7be6e8839595458f1dfb6c5903d2d13520d,0,12,0,0,0,12,0,0,12,0,0,12,0,0,12,0,0,12,0
84664b24fd86c4cc3ab20d22bba7e09f0719d44d9734eebdbe2dd912f380ed74,breadth-034-84664b24fd,,AddParticipant + FindTournament + UpdateStudentName,12,True,8a661eab3bd3fbdab5caad8602eae7be6e8839595458f1dfb6c5903d2d13520d,0,12,0,0,0,12,0,0,12,0,0,12,0,0,12,0,0,12,0
b7547fba9da3acb6db5a21c91630c7065ff2a1613ae3b6762678d0862ff5eb47,diversity-04,,AddParticipant + FindTournament + UpdateStudentName,12,True,b177f1850ea34a516fa6db7e18616444773350def99bf26ec371dd4a9b6d7322,0,12,0,0,0,12,0,0,12,0,0,12,0,0,12,0,0,12,0
02cf5305c1279a7ba1484e6da8766ef84c4ba8f6456254f10290faa5282cf834,014-join-update-query-02cf5305c1,,AddParticipant + FindTournament + UpdateTournament,104,True,8a661eab3bd3fbdab5caad8602eae7be6e8839595458f1dfb6c5903d2d13520d,60,44,0,0,0,104,0,60,44,0,0,104,0,14,90,0,0,104,0
0c3d4232347f0eb3ddf8c76b0fc865c3c8e2c8c8616f774613a053db147d3397,017-join-update-query-0c3d423234,,AddParticipant + FindTournament + UpdateTournament,36,True,8a661eab3bd3fbdab5caad8602eae7be6e8839595458f1dfb6c5903d2d13520d,12,24,0,0,0,36,0,12,24,0,0,36,0,0,36,0,0,36,0
13810131c7b2856e3001d431ba87426c1c09b69ecc838ef7b2f8aae7e01e745a,020-join-update-query-13810131c7,,AddParticipant + FindTournament + UpdateTournament,160,True,8a661eab3bd3fbdab5caad8602eae7be6e8839595458f1dfb6c5903d2d13520d,104,56,0,0,0,160,0,104,56,0,0,160,0,14,146,0,0,160,0
2f62ebc8f98ecebfef9ba8b6d506ddaca2376d48a852a1eea9ab98af1a6ecc17,002-join-update-query-2f62ebc8f9,,AddParticipant + FindTournament + UpdateTournament,36,True,8a661eab3bd3fbdab5caad8602eae7be6e8839595458f1dfb6c5903d2d13520d,12,24,0,0,0,36,0,12,24,0,0,36,0,0,36,0,0,36,0
9555c4645a94910cf48dc2459dd47eabee9fd532d561666e00113e4d9440fbdf,query-after-update,,AddParticipant + FindTournament + UpdateTournament,72,True,8a661eab3bd3fbdab5caad8602eae7be6e8839595458f1dfb6c5903d2d13520d,36,36,0,0,0,72,0,36,36,0,0,72,0,6,66,0,0,72,0
a308f424b252c1355a35baab75da17d728e4eddbcd14f549e0c64ba5e6278940,query-during-update,,AddParticipant + FindTournament + UpdateTournament,48,True,8a661eab3bd3fbdab5caad8602eae7be6e8839595458f1dfb6c5903d2d13520d,12,36,0,0,0,48,0,12,36,0,0,48,0,6,42,0,0,48,0
a603fd11d92f83fa04f9baa36a21658d3682eae22145e0a5ed3a575cf2805ccd,005-join-update-query-a603fd11d9,,AddParticipant + FindTournament + UpdateTournament,160,True,8a661eab3bd3fbdab5caad8602eae7be6e8839595458f1dfb6c5903d2d13520d,104,56,0,0,0,160,0,104,56,0,0,160,0,6,154,0,0,160,0
c099f2b1802793fdf4ed55fd5c45e3b8e410dcb51a90ab76e4765fa1ef99b173,008-join-update-query-c099f2b180,,AddParticipant + FindTournament + UpdateTournament,160,True,8a661eab3bd3fbdab5caad8602eae7be6e8839595458f1dfb6c5903d2d13520d,104,56,0,0,0,160,0,104,56,0,0,160,0,30,130,0,0,160,0
dfc87108c9dcda1501b7689e23b5d72f9ddf61494508c9f7eaef1ea163abc542,011-join-update-query-dfc87108c9,,AddParticipant + FindTournament + UpdateTournament,104,True,8a661eab3bd3fbdab5caad8602eae7be6e8839595458f1dfb6c5903d2d13520d,60,44,0,0,0,104,0,60,44,0,0,104,0,0,104,0,0,104,0
fe399af06dc303b6d816a836c5e87104724dcdb1ac6e893669bd36e548d9019a,query-before-update,,AddParticipant + FindTournament + UpdateTournament,36,True,8a661eab3bd3fbdab5caad8602eae7be6e8839595458f1dfb6c5903d2d13520d,12,24,0,0,0,36,0,12,24,0,0,36,0,0,36,0,0,36,0
00b13b9fff688e5ad5de966f01e0fce8893522fa1bf6ea60e27a1d65ed23db4f,diversity-08,,AddParticipant + GetCourseExecutionById + UpdateStudentName,12,True,b177f1850ea34a516fa6db7e18616444773350def99bf26ec371dd4a9b6d7322,0,12,0,0,0,12,0,0,12,0,0,12,0,0,12,0,0,12,0
902e4e9ad2c0d332501bda8fd1a990aa08fbd6eab93bd332ec9484db3a4fa98b,breadth-023-902e4e9ad2,,AddParticipant + GetCourseExecutionById + UpdateStudentName,12,True,8a661eab3bd3fbdab5caad8602eae7be6e8839595458f1dfb6c5903d2d13520d,0,12,0,0,0,12,0,0,12,0,0,12,0,0,12,0,0,12,0
d5f03e4faa91ae3e09350b6b331df61688b6568dfd417e1c2a85d99628d1e2ce,original-72,"AddParticipantAndUpdateTournamentTest.add participant, update tournament, leave, and remove tournament",AddParticipant + LeaveTournament + RemoveTournament,72,True,ca369a93e7157a22e2d792ec6cd215d87f78cca403ce63cca6953f27c19803c6,29,41,2,0,29,41,2,29,41,2,0,70,2,0,70,2,0,70,2
23f9768282509c46a6a4a4fd62d51fa6bca64591ded719e9ab070257ba0ca09d,large-009,,AddParticipant + LeaveTournament + RemoveTournament + UpdateTournament,3360,True,8a661eab3bd3fbdab5caad8602eae7be6e8839595458f1dfb6c5903d2d13520d,2622,708,30,0,150,3198,12,2622,708,30,0,3348,12,0,3348,12,0,3348,12
242d3ef997d7a56426092ead4f39f934c23c4e209967f36a437f0d33eb650ad5,012-join-update-leave-remove-242d3ef997,,AddParticipant + LeaveTournament + RemoveTournament + UpdateTournament,3918,True,8a661eab3bd3fbdab5caad8602eae7be6e8839595458f1dfb6c5903d2d13520d,3190,478,250,0,1782,1918,218,3222,478,218,0,3700,218,1858,1810,250,0,3700,218
ef019eb258c89262dddfeed7279c00a43b2620e2854274aefdefb4f644becf2a,original-5184,"AddParticipantAndUpdateTournamentTest.add participant, update tournament, leave, and remove tournament",AddParticipant + LeaveTournament + RemoveTournament + UpdateTournament,5184,True,ca369a93e7157a22e2d792ec6cd215d87f78cca403ce63cca6953f27c19803c6,3979,657,548,0,2090,2860,234,4047,657,480,0,4950,234,2581,2289,314,0,4950,234
734e11d1b94eeae0bfed1fe8756e37914f5719f86308eb9dbf390556fedccd60,original-186,"AddParticipantAndUpdateTournamentTest.add participant, update tournament, leave, and remove tournament",AddParticipant + LeaveTournament + UpdateTournament,186,True,ca369a93e7157a22e2d792ec6cd215d87f78cca403ce63cca6953f27c19803c6,112,72,2,0,0,186,0,114,72,0,0,186,0,52,132,2,0,186,0
903e4c167ad9a3efc12a690c051cb087bea834c34c03ad8817a547a9bfea79fb,,AnonymizeStudentAndSolveQuizTest.sequential solve quiz and anonymize user,AddParticipant + SolveQuiz,24,False,ca369a93e7157a22e2d792ec6cd215d87f78cca403ce63cca6953f27c19803c6,0,24,0,0,0,24,0,0,24,0,0,24,0,0,24,0,0,24,0
0ca37ecce15891c8d57bb974ec3675ebcca2e71362a6cd7ea5eea1e52809843f,,SolveQuizAsyncTest.solve quiz using async functionality,AddParticipant + SolveQuizAsync,24,False,ca369a93e7157a22e2d792ec6cd215d87f78cca403ce63cca6953f27c19803c6,0,24,0,0,0,24,0,0,24,0,0,24,0,0,24,0,0,12,12
5ac65c4bcfbc2f91a8747e49b696f12ff2a4793ea9f44e485e52362c8486f727,breadth-100-5ac65c4bcf,,AddParticipant + UpdateStudentName,6,True,8a661eab3bd3fbdab5caad8602eae7be6e8839595458f1dfb6c5903d2d13520d,0,6,0,0,0,6,0,0,6,0,0,6,0,0,6,0,0,6,0
eca316cce415ca5e79dbcfe08d1872201bd5216c2faa5cc7846358eb121998b9,,AddParticipantAndUpdateStudentNameTest.concurrent - add creator: add-s1; update; add-s2; event; AddParticipantAndUpdateStudentNameTest.sequential - add creator: add; update; event,AddParticipant + UpdateStudentName,6,False,ca369a93e7157a22e2d792ec6cd215d87f78cca403ce63cca6953f27c19803c6,0,6,0,0,0,6,0,0,6,0,0,6,0,0,6,0,0,6,0
0763c8495d7d457a14d226b986d83a54a1d431b2dcc8e690f3a35ac6fdd9f311,022-join-update-0763c8495d,,AddParticipant + UpdateTournament,36,True,8a661eab3bd3fbdab5caad8602eae7be6e8839595458f1dfb6c5903d2d13520d,14,22,0,0,0,36,0,14,22,0,0,36,0,0,36,0,0,36,0
67a72159f5484054f5cbf5e4f555438aafbb72a9120057e13c7c9b3cefb6457e,001-join-update-67a72159f5,,AddParticipant + UpdateTournament,52,True,8a661eab3bd3fbdab5caad8602eae7be6e8839595458f1dfb6c5903d2d13520d,30,22,0,0,0,52,0,30,22,0,0,52,0,0,52,0,0,52,0
7c26d665df5b33f0672bf9369d5687fa76cce5b35e5bf3f9cbe5a53dc91a8c85,004-join-update-7c26d665df,,AddParticipant + UpdateTournament,18,True,8a661eab3bd3fbdab5caad8602eae7be6e8839595458f1dfb6c5903d2d13520d,6,12,0,0,0,18,0,6,12,0,0,18,0,0,18,0,0,18,0
806b968b0fe868da6804b3b18117c1e152003ba7a06242bddea2ce8d2d9f014a,016-join-update-806b968b0f,,AddParticipant + UpdateTournament,30,True,8a661eab3bd3fbdab5caad8602eae7be6e8839595458f1dfb6c5903d2d13520d,14,16,0,0,0,30,0,14,16,0,0,30,0,0,30,0,0,30,0
a407a2ab87f689761512d66e8f056f60ebed8973e56d721949a2fc3dcd60de9a,,AddParticipantAsyncTest.add two participants to tournament concurrently with async steps,AddParticipantAsync + FindTournament,6,False,ca369a93e7157a22e2d792ec6cd215d87f78cca403ce63cca6953f27c19803c6,0,6,0,0,0,6,0,0,6,0,0,6,0,0,6,0,0,3,3
3a99f1c3f0a46577174eaaaeb9e925f5cc372925837b17dbcf56b0651a8dc05d,breadth-004-3a99f1c3f0,,AddStudent,3,True,8a661eab3bd3fbdab5caad8602eae7be6e8839595458f1dfb6c5903d2d13520d,0,3,0,0,0,3,0,0,3,0,0,3,0,0,3,0,0,3,0
f305554eff3e14d8d924979b639972912688af5635458837a5d4a5b3e2e9e497,breadth-073-f305554eff,,AddStudent,3,True,8a661eab3bd3fbdab5caad8602eae7be6e8839595458f1dfb6c5903d2d13520d,0,3,0,0,0,3,0,0,3,0,0,3,0,0,3,0,0,3,0
ce427ae079ab850c0ea99559aefa8445b1eb29ff5756da9d82f253d9ae0fcb07,,ExecutionReadOperationsTest.createCourseExecution,AddStudent + CreateCourseExecution,20,False,ca369a93e7157a22e2d792ec6cd215d87f78cca403ce63cca6953f27c19803c6,0,20,0,0,0,20,0,0,20,0,0,20,0,0,20,0,0,20,0
3a3c00711029b8070f7e3b243251d3904cfe04df8d99561623ee3926ba51f749,,AnonymizeStudentAndSolveQuizTest.createUser; AnonymizeStudentAndSolveQuizTest.setup,AddStudent + CreateUser,6,False,ca369a93e7157a22e2d792ec6cd215d87f78cca403ce63cca6953f27c19803c6,0,6,0,0,0,6,0,0,6,0,0,6,0,0,6,0,0,6,0
6a2791eeb9c159a6e95b0db4fddb2d381bee42c023d64cb10c30d42835a247c4,breadth-005-6a2791eeb9,,AddStudent + GetCourseExecutionById,6,True,8a661eab3bd3fbdab5caad8602eae7be6e8839595458f1dfb6c5903d2d13520d,0,6,0,0,0,6,0,0,6,0,0,6,0,0,6,0,0,6,0
b82f81187951ee557ba4c69c0016bb79df3314d78a165d7f04a9f13c22a50071,breadth-074-b82f811879,,AddStudent + GetCourseExecutionById,6,True,8a661eab3bd3fbdab5caad8602eae7be6e8839595458f1dfb6c5903d2d13520d,0,6,0,0,0,6,0,0,6,0,0,6,0,0,6,0,0,6,0
ddeed2620b53172cf71669489d9c8aef9ee874d012104a565128087a1d03d0de,,AddStudentFaultTest.student is not enrolled when enrollStudentStep fails; AddStudentFaultTest.student is not enrolled when getUserStep fails,AddStudent + GetCourseExecutionById,6,False,ca369a93e7157a22e2d792ec6cd215d87f78cca403ce63cca6953f27c19803c6,0,6,0,0,0,6,0,0,6,0,0,6,0,0,6,0,0,6,0
6b1ffc5570e420e15a2c36e66befb260fa5a2fa04a56ecad628f4a1e13c7a500,,ExecutionReadOperationsTest.get all course executions returns all created executions,AddStudent + GetCourseExecutions,6,False,ca369a93e7157a22e2d792ec6cd215d87f78cca403ce63cca6953f27c19803c6,0,6,0,0,0,6,0,0,6,0,0,6,0,0,6,0,0,6,0
91bec3ed3f18d0646251d66d41f758df70f7d8b8a7260d4dce3e01bce628386f,,ExecutionReadOperationsTest.get course executions by user id returns executions the user is enrolled in,AddStudent + GetCourseExecutionsByUser,6,False,ca369a93e7157a22e2d792ec6cd215d87f78cca403ce63cca6953f27c19803c6,0,6,0,0,0,6,0,0,6,0,0,6,0,0,6,0,0,5,1
c98fc9c011d2cdaeb8ddae7c40544ba62dad0e18ae479abea257bee572e98fce,,RemoveCourseExecutionQuizAnswerReceiverTest.RemoveCourseExecution event route has an eligible quiz answer receiver,AddStudent + RemoveCourseExecution,29,False,ca369a93e7157a22e2d792ec6cd215d87f78cca403ce63cca6953f27c19803c6,15,14,0,0,0,29,0,15,14,0,0,29,0,0,29,0,0,29,0
00060b7a29fec12e4f93751722fbce293b4fc334fcc9487f1ed6abd67f07ea81,,AddStudentAndRemoveStudentTest.sequential: remove first student; add second student,AddStudent + RemoveStudentFromCourseExecution,9,False,ca369a93e7157a22e2d792ec6cd215d87f78cca403ce63cca6953f27c19803c6,0,9,0,0,0,9,0,0,9,0,0,9,0,0,9,0,0,9,0
2397cf5673db11a76a721f39f1c05f4146da56d9b3cdaf1adb3a71fe4ff49ea9,breadth-006-2397cf5673,,AddStudent + RemoveStudentFromCourseExecution,9,True,8a661eab3bd3fbdab5caad8602eae7be6e8839595458f1dfb6c5903d2d13520d,0,9,0,0,0,9,0,0,9,0,0,9,0,0,9,0,0,9,0
333d50ad51a7ff6d7713cf81e2d570eeb66e20c83a74c03586cd8ea1578e43d3,,UpdateStudentNameAndRemoveStudentTest.setup,AddStudent + RemoveStudentFromCourseExecution,9,False,ca369a93e7157a22e2d792ec6cd215d87f78cca403ce63cca6953f27c19803c6,0,9,0,0,0,9,0,0,9,0,0,9,0,0,9,0,0,9,0
9e4e1a4beda312b0b97222f6a67b822afcf17823751d8cdf2ce6b68d6fd07ff6,breadth-075-9e4e1a4bed,,AddStudent + RemoveStudentFromCourseExecution,9,True,8a661eab3bd3fbdab5caad8602eae7be6e8839595458f1dfb6c5903d2d13520d,0,9,0,0,0,9,0,0,9,0,0,9,0,0,9,0,0,9,0
698896f60d3a2140e7c343f20cb1335ec00494acd139c921a1560b8257aabaf2,breadth-076-698896f60d,,AddStudent + UpdateStudentName,6,True,8a661eab3bd3fbdab5caad8602eae7be6e8839595458f1dfb6c5903d2d13520d,0,6,0,0,0,6,0,0,6,0,0,6,0,0,6,0,0,6,0
80035030dbe47e1698ad58cca614aa78c0b61822e0f87366aa6910d8eb91c7f8,diversity-07,,AddStudent + UpdateStudentName,6,True,b177f1850ea34a516fa6db7e18616444773350def99bf26ec371dd4a9b6d7322,0,6,0,0,0,6,0,0,6,0,0,6,0,0,6,0,0,6,0
a73ca1b910a33c3dc1b124a88c799157246ecb4de91fc3bbf96de8bc1bac6808,breadth-007-a73ca1b910,,AddStudent + UpdateStudentName,6,True,8a661eab3bd3fbdab5caad8602eae7be6e8839595458f1dfb6c5903d2d13520d,0,6,0,0,0,6,0,0,6,0,0,6,0,0,6,0,0,6,0
c92276d2906f16f37f4c628af01a74d7530b6a453ef9443e017bfa3fa78151b7,,AddParticipantAndUpdateStudentNameTest.concurrent: add(1); update; add(2); event,AddStudent + UpdateStudentName,6,False,ca369a93e7157a22e2d792ec6cd215d87f78cca403ce63cca6953f27c19803c6,0,6,0,0,0,6,0,0,6,0,0,6,0,0,6,0,0,6,0
1dc35a9ae89ebde6102ec779f40c1dd1aa501e64c466fba4ccd74419707a21cf,,AnonymizeStudentTest.anonymize student successfully,AnonymizeStudent,3,False,ca369a93e7157a22e2d792ec6cd215d87f78cca403ce63cca6953f27c19803c6,0,3,0,0,0,3,0,0,3,0,0,3,0,0,3,0,0,3,0
32e2c0d7024e821f3c6d6aeb147f36082c215061457bfc50c5a86b469e133b84,breadth-080-32e2c0d702,,AnonymizeStudent,3,True,8a661eab3bd3fbdab5caad8602eae7be6e8839595458f1dfb6c5903d2d13520d,0,3,0,0,0,3,0,0,3,0,0,3,0,0,3,0,0,3,0
bc41b59a13bd8391a799df33667819a9929021cf084321d491b8394581370c19,breadth-012-bc41b59a13,,AnonymizeStudent,3,True,8a661eab3bd3fbdab5caad8602eae7be6e8839595458f1dfb6c5903d2d13520d,0,3,0,0,0,3,0,0,3,0,0,3,0,0,3,0,0,3,0
c0168801556b693599b4bf4c383851028b6c05544643705ccff9701c7183a065,,AnonymizeStudentTest.anonymize student successfully,AnonymizeStudent,3,False,ca369a93e7157a22e2d792ec6cd215d87f78cca403ce63cca6953f27c19803c6,0,3,0,0,0,3,0,0,3,0,0,3,0,0,3,0,0,3,0
791371d46b741a6b82cfa85707f91ba068d3cc2c6fdba1263425d03be9118196,,QuizAnswerEventHandlingTest.AnonymizeStudentEvent updates the student name in the quiz answer,AnonymizeStudent + CreateQuiz,24,False,ca369a93e7157a22e2d792ec6cd215d87f78cca403ce63cca6953f27c19803c6,0,24,0,0,0,24,0,0,24,0,0,24,0,0,24,0,0,4,20
93abf85cf62ec80d204fd6cea1002a1175d3ea3c6542be184294095a8a36845f,breadth-013-93abf85cf6,,AnonymizeStudent + GetCourseExecutionById,8,True,8a661eab3bd3fbdab5caad8602eae7be6e8839595458f1dfb6c5903d2d13520d,0,8,0,0,0,8,0,0,8,0,0,8,0,0,8,0,0,8,0
9d0ea88a26dc2a191c01ce3520c6d50b69a5c38f86b8af63ebcf25f3e6fdba54,,AnonymizeStudentAndRemoveStudentTest.concurrent: anonymize - getCourseExecutionStep; remove; anonymize - resume; AnonymizeStudentAndRemoveStudentTest.concurrent: remove - removeStudentStep; anonymize; remove - resume,AnonymizeStudent + GetCourseExecutionById,8,False,ca369a93e7157a22e2d792ec6cd215d87f78cca403ce63cca6953f27c19803c6,0,8,0,0,0,8,0,0,8,0,0,8,0,0,8,0,0,8,0
a91a653a65941763e18b2f89975441131edd8cc998e21e5a23c088a1ac146df4,breadth-081-a91a653a65,,AnonymizeStudent + GetCourseExecutionById,8,True,8a661eab3bd3fbdab5caad8602eae7be6e8839595458f1dfb6c5903d2d13520d,0,8,0,0,0,8,0,0,8,0,0,8,0,0,8,0,0,8,0
894fecc295e0aea0337f46370e60e10d8c0a4dd4ef3fe8bc8d103fea0ea0b99c,diversity-03,,AnonymizeStudent + GetCourseExecutionById + RemoveStudentFromCourseExecution,36,True,b177f1850ea34a516fa6db7e18616444773350def99bf26ec371dd4a9b6d7322,0,36,0,0,0,36,0,0,36,0,0,36,0,0,36,0,0,36,0
a381e2b36aafd81efdfde0e8bb19f1456d33ad744706aa5e4a45c71dde7686f8,breadth-014-a381e2b36a,,AnonymizeStudent + GetCourseExecutionById + RemoveStudentFromCourseExecution,38,True,8a661eab3bd3fbdab5caad8602eae7be6e8839595458f1dfb6c5903d2d13520d,0,38,0,0,0,38,0,0,38,0,0,38,0,0,38,0,0,38,0
caa50b65450382d4bdb9cde14f9546ad8ecf84adf304755ff578e1493dd81a51,breadth-082-caa50b6545,,AnonymizeStudent + GetCourseExecutionById + RemoveStudentFromCourseExecution,36,True,8a661eab3bd3fbdab5caad8602eae7be6e8839595458f1dfb6c5903d2d13520d,0,36,0,0,0,36,0,0,36,0,0,36,0,0,36,0,0,36,0
95cf5833a03b6713b7f0784fadf42d042230112cb398787df8ea55240154d277,breadth-084-95cf5833a0,,AnonymizeStudent + RemoveStudentFromCourseExecution,17,True,8a661eab3bd3fbdab5caad8602eae7be6e8839595458f1dfb6c5903d2d13520d,0,17,0,0,0,17,0,0,17,0,0,17,0,0,17,0,0,17,0
c2e3f0a617ca7e3547920a53c6e52801d83256bc40e46ab4e4a7ad7ecb28b4b8,breadth-016-c2e3f0a617,,AnonymizeStudent + RemoveStudentFromCourseExecution,15,True,8a661eab3bd3fbdab5caad8602eae7be6e8839595458f1dfb6c5903d2d13520d,0,15,0,0,0,15,0,0,15,0,0,15,0,0,15,0,0,15,0
d7967a02b0e5821fa84eba6b540709f1e49998f13fb2bc65ce81a3179fc9c952,,AnonymizeStudentAndSolveQuizTest.sequential solve quiz and anonymize user,AnonymizeStudent + SolveQuiz,84,False,ca369a93e7157a22e2d792ec6cd215d87f78cca403ce63cca6953f27c19803c6,0,80,4,0,0,81,3,0,80,4,0,81,3,0,81,3,0,81,3
466b26c436b7830f06688ec0110199f2b5c50bfd7ccae3d0c2eaf7d00e26154b,,AnonymizeStudentAndSolveQuizTest.UpdateStudentName event route has an eligible tournament receiver; AnonymizeStudentAndSolveQuizTest.sequential solve quiz and anonymize user,AnonymizeStudent + UpdateStudentName,6,False,ca369a93e7157a22e2d792ec6cd215d87f78cca403ce63cca6953f27c19803c6,0,6,0,0,0,6,0,0,6,0,0,6,0,0,6,0,0,6,0
4332768b3d7c05c59ffddc2cdee843be1142ca49a860c27cb3b1390dda8b1ed8,breadth-051-4332768b3d,,CancelTournament,3,True,8a661eab3bd3fbdab5caad8602eae7be6e8839595458f1dfb6c5903d2d13520d,0,3,0,0,0,3,0,0,3,0,0,3,0,0,3,0,0,3,0
dd4d2d1e93bb345060fcc28733c02ef58a2f2ee99cdaa56d3115f4298f84e920,breadth-114-dd4d2d1e93,,CancelTournament,3,True,8a661eab3bd3fbdab5caad8602eae7be6e8839595458f1dfb6c5903d2d13520d,0,3,0,0,0,3,0,0,3,0,0,3,0,0,3,0,0,3,0
3cee8a0bb0b3a6dbe7a7fc378190c8dc26e1635dda796586a2ac1175896e32dd,,CancelTournamentTest.cancel tournament successfully; CancelTournamentTest.cannot update tournament after it has been cancelled - IS_CANCELED invariant,CancelTournament + FindTournament,6,False,ca369a93e7157a22e2d792ec6cd215d87f78cca403ce63cca6953f27c19803c6,0,6,0,0,0,6,0,0,6,0,0,6,0,0,6,0,0,6,0
6a25ff8183416a43ffca9c08101c1cf76176fe3f162735fce3761c7dd408ca1b,,RemoveCourseExecutionTest.createCourseExecution; RemoveCourseExecutionTest.createQuestion,CreateCourseExecution + CreateQuestion,125,False,ca369a93e7157a22e2d792ec6cd215d87f78cca403ce63cca6953f27c19803c6,47,78,0,0,0,125,0,47,78,0,0,125,0,0,125,0,0,8,117
8283158a0e7b1854e686b061226a6afaf0ef105b3d873c5e3fc766bf7973243f,,RemoveCourseExecutionQuizAnswerReceiverTest.createCourseExecution; RemoveCourseExecutionQuizAnswerReceiverTest.setup,CreateCourseExecution + CreateQuiz,52,False,ca369a93e7157a22e2d792ec6cd215d87f78cca403ce63cca6953f27c19803c6,0,52,0,0,0,52,0,0,52,0,0,52,0,0,52,0,0,5,47
5c0b7d9b15098d9482a2f40dfc12e5c202e894e2129325c09357dc811d4d6bbc,,RemoveCourseExecutionQuizAnswerReceiverTest.createCourseExecution; RemoveCourseExecutionQuizAnswerReceiverTest.createTopic,CreateCourseExecution + CreateTopic,37,False,ca369a93e7157a22e2d792ec6cd215d87f78cca403ce63cca6953f27c19803c6,0,37,0,0,0,37,0,0,37,0,0,37,0,0,37,0,0,8,29
e0922cb0b08ae50bd4188ec16571fa77dd68d0f33d65d76ec4fa6ce60763aa29,,ExecutionReadOperationsTest.createCourseExecution; ExecutionReadOperationsTest.get course executions by user id returns executions the user is enrolled in,CreateCourseExecution + GetCourseExecutionsByUser,10,False,ca369a93e7157a22e2d792ec6cd215d87f78cca403ce63cca6953f27c19803c6,0,10,0,0,0,10,0,0,10,0,0,10,0,0,10,0,0,5,5
e37e5c6c572fc1b0cee60d2133371229dc99d134601bfac7e9c252d0a0afd9e0,,RemoveCourseExecutionQuizAnswerReceiverTest.createCourseExecution; RemoveCourseExecutionQuizAnswerReceiverTest.setup,CreateCourseExecution + RemoveStudentFromCourseExecution,32,False,ca369a93e7157a22e2d792ec6cd215d87f78cca403ce63cca6953f27c19803c6,0,32,0,0,0,32,0,0,32,0,0,32,0,0,32,0,0,32,0
67fdbe34106951e99cfe30676dd99848f67998813f7a4330ea55d8037548b583,,CreateTournamentAsyncTest.create tournament using async functionality,CreateQuestion + CreateTournamentAsync,222,False,ca369a93e7157a22e2d792ec6cd215d87f78cca403ce63cca6953f27c19803c6,117,105,0,0,0,222,0,117,105,0,0,222,0,0,222,0,0,2,220
2b1ebf31d0d84671a6a78889361f146cad5e9d029f47120cd05cba7c49c70c71,,RemoveCourseExecutionQuizAnswerReceiverTest.setup,CreateQuiz + RemoveStudentFromCourseExecution,26,False,ca369a93e7157a22e2d792ec6cd215d87f78cca403ce63cca6953f27c19803c6,0,26,0,0,0,26,0,0,26,0,0,26,0,0,26,0,0,4,22
edf68c816c6ce7e815f89c06c528233f717f599fe39bdabaf6d1b6f2de3c0369,,RemoveCourseExecutionTest.can remove a non-last course execution for a course even when the course has content,CreateTopic + RemoveCourseExecution,26,False,ca369a93e7157a22e2d792ec6cd215d87f78cca403ce63cca6953f27c19803c6,10,16,0,0,0,26,0,10,16,0,0,26,0,0,26,0,0,5,21
49560ab4bcac12eeca6737db13e4953d49f90eecee2c9a2619b9ed05121e6b82,,UpdateTournamentTest.update topic and tournament successfully,CreateTopic + UpdateTopic,17,False,ca369a93e7157a22e2d792ec6cd215d87f78cca403ce63cca6953f27c19803c6,0,17,0,0,0,17,0,0,17,0,0,17,0,0,17,0,0,3,14
375a71fcf5f364122cd2630b31517426c09fdf1e1d709d061b5c191c49294dea,breadth-054-375a71fcf5,,CreateTournament,8,True,8a661eab3bd3fbdab5caad8602eae7be6e8839595458f1dfb6c5903d2d13520d,0,8,0,0,0,8,0,0,8,0,0,8,0,0,8,0,0,8,0
4eaa4bbc8f296c8b2bd9ae624d11e4c8a0b655c3b9123a037f2188121180bde9,breadth-116-4eaa4bbc8f,,CreateTournament,8,True,8a661eab3bd3fbdab5caad8602eae7be6e8839595458f1dfb6c5903d2d13520d,0,8,0,0,0,8,0,0,8,0,0,8,0,0,8,0,0,8,0
c841667b44c900058493fe31404960b7658c24837024ccf939368373289c2388,,CreateTournamentFaultTest.Check Quiz existence,CreateTournament + FindQuiz,16,False,ca369a93e7157a22e2d792ec6cd215d87f78cca403ce63cca6953f27c19803c6,0,16,0,0,0,16,0,0,16,0,0,16,0,0,16,0,0,16,0
a00c956cdae0f5288362e1b19d59970e5f332cd58cbe2e293cc15a1d041f9c08,a00c956cdae0,,CreateTournament + GetCourseExecutionById,16,True,8a661eab3bd3fbdab5caad8602eae7be6e8839595458f1dfb6c5903d2d13520d,0,16,0,0,0,16,0,0,16,0,0,16,0,0,16,0,0,16,0
c65088dd0e654e9b1e9220a10d02b71c399253246ecd67fdbe61a097be87a5b0,,AddParticipantAndUpdateStudentNameTest.concurrent - add creator: update; add-s1; event; add-s2,CreateTournament + GetCourseExecutionById,16,False,ca369a93e7157a22e2d792ec6cd215d87f78cca403ce63cca6953f27c19803c6,0,16,0,0,0,16,0,0,16,0,0,16,0,0,16,0,0,16,0
153bb3a50919f64f48b485dbcc10e186edd7f20ca11425118e686037a27cda5b,,AddParticipantAndUpdateStudentNameTest.sequential: update; add,CreateTournament + UpdateStudentName,32,False,ca369a93e7157a22e2d792ec6cd215d87f78cca403ce63cca6953f27c19803c6,0,32,0,0,0,32,0,0,32,0,0,32,0,0,32,0,0,32,0
3d8d79c5d058b8a539089ca09da8020d531f51f6f19efa0f3caabc615cc851f7,3d8d79c5d058,,CreateTournament + UpdateStudentName,26,True,8a661eab3bd3fbdab5caad8602eae7be6e8839595458f1dfb6c5903d2d13520d,0,26,0,0,0,26,0,0,26,0,0,26,0,0,26,0,0,26,0
e61e7630681dbfb09a48e991bcb6a6bba53cca4dfeb9471ba58cb38a5b1dde95,e61e7630681d,,CreateTournament + UpdateStudentName,16,True,8a661eab3bd3fbdab5caad8602eae7be6e8839595458f1dfb6c5903d2d13520d,0,16,0,0,0,16,0,0,16,0,0,16,0,0,16,0,0,16,0
c47bff3cf3ce46fc5ab70356b8a4fad77bb2b7140bac59ef10c105d38807651c,,UpdateTournamentTest.update topic and tournament successfully,CreateTournament + UpdateTopic,78,False,ca369a93e7157a22e2d792ec6cd215d87f78cca403ce63cca6953f27c19803c6,0,78,0,0,0,78,0,0,78,0,0,78,0,0,78,0,0,78,0
78a838a8690707dd7c2f468bdb6cbaf46cbe00edd1b5ca516577d48c9f65330e,breadth-067-78a838a869,,CreateUser,2,True,8a661eab3bd3fbdab5caad8602eae7be6e8839595458f1dfb6c5903d2d13520d,0,2,0,0,0,2,0,0,2,0,0,2,0,0,2,0,0,2,0
aceceb6ce351a18e37be6a67971ddd9446c5e4d05ebb655bee58f6c337af8fe8,breadth-126-aceceb6ce3,,CreateUser,2,True,8a661eab3bd3fbdab5caad8602eae7be6e8839595458f1dfb6c5903d2d13520d,0,2,0,0,0,2,0,0,2,0,0,2,0,0,2,0,0,2,0
57360802e76015509fcd98e7fc32c8a1034d85352afeedc5441b7a82b092a373,,StartQuizTest.createUser; StartQuizTest.student can start a quiz they have not started before,CreateUser + StartQuiz,10,False,ca369a93e7157a22e2d792ec6cd215d87f78cca403ce63cca6953f27c19803c6,0,10,0,0,0,10,0,0,10,0,0,10,0,0,10,0,0,10,0
30a6109bf79e607b14682d1a5241c84339d7ce99cc45ae3b4ea5f6d104b2a27c,breadth-127-30a6109bf7,,DeactivateUser,2,True,8a661eab3bd3fbdab5caad8602eae7be6e8839595458f1dfb6c5903d2d13520d,0,2,0,0,0,2,0,0,2,0,0,2,0,0,2,0,0,2,0
9c4501ab67617a484ec4187781430ce1fd2158c8e176d9642de1734f0d3c30b3,breadth-068-9c4501ab67,,DeactivateUser,2,True,8a661eab3bd3fbdab5caad8602eae7be6e8839595458f1dfb6c5903d2d13520d,0,2,0,0,0,2,0,0,2,0,0,2,0,0,2,0,0,2,0
147817000972dcda3e5fdc2d62b0b9e6a53081ab4a043cd9a8e65629516a3a5d,,UpdateTournamentTest.delete a topic already used by a tournament,DeleteTopic,3,False,861da08df4f40e1ece99e26c675c56d74efc5b11aaadeed51ddce66ecbf334da,1,2,0,1,1,2,0,0,3,0,0,3,0,0,3,0,0,3,0
ea738480ea71878555cc18f49f8e081c802543d498189beff6b30468e2ac8ec4,,UpdateTournamentTest.delete a topic already used by a tournament,DeleteTopic,3,False,861da08df4f40e1ece99e26c675c56d74efc5b11aaadeed51ddce66ecbf334da,1,2,0,1,1,2,0,0,3,0,0,3,0,0,3,0,0,3,0
fee5623a44cb206f59dab19213024545b895b1a2d2ecefbe546cfd91845df505,,UpdateTournamentTest.delete a topic already used by a tournament,DeleteTopic,3,False,861da08df4f40e1ece99e26c675c56d74efc5b11aaadeed51ddce66ecbf334da,1,2,0,1,1,2,0,0,3,0,1,2,0,0,3,0,0,3,0
4e6973042bbed20189a1843fe15f730ca51fa9fb0e5cde02f83ef12232858a1e,breadth-038-4e6973042b,,FindQuestionByAggregateId,2,True,8a661eab3bd3fbdab5caad8602eae7be6e8839595458f1dfb6c5903d2d13520d,0,2,0,0,0,2,0,0,2,0,0,2,0,0,2,0,0,2,0
95b30ae8d8591e9cde5de3e0f38a41f3fe4bc08b0398bfa0b85fabd1cfc66df1,,UpdateTournamentTest.update a question already included in a tournament quiz,FindQuestionByAggregateId + UpdateQuestion,8,False,b1d8ad8526edcbb3de08a05d0b1fe2cc44e3300f7d1a05653a7b1c03c38da01c,1,6,1,1,0,7,1,0,7,1,1,6,1,0,7,1,0,7,1
72e1e0e20896789c2433135fcfdc3904a4276e05ac5235c31e7b17d88a8d70a5,,UpdateQuestionTopicsAsyncTest.update question topics using async functionality,FindQuestionByAggregateId + UpdateQuestionTopicsAsync,10,False,ca369a93e7157a22e2d792ec6cd215d87f78cca403ce63cca6953f27c19803c6,0,10,0,0,0,10,0,0,10,0,0,10,0,0,10,0,0,2,8
588de51953eed981ed2af59899f32ea9bc6c9f2f38f80b98c16f37f164df6ea2,breadth-042-588de51953,,FindQuiz,2,True,8a661eab3bd3fbdab5caad8602eae7be6e8839595458f1dfb6c5903d2d13520d,0,2,0,0,0,2,0,0,2,0,0,2,0,0,2,0,0,2,0
16ee32182dbcb47f1785e27a17cd875bd3b5c1db459e00cfc726892e081628ed,,UpdateTournamentTest.concurrent update of tournament; UpdateTournamentTest.update tournament aborts when trying to create a quiz and there are not enough questions; UpdateTournamentTest.update tournament with negative numberOfQuestions violates TOURNAMENT_NUMBER_OF_QUESTIONS_POSITIVE,FindQuiz + FindTournament + UpdateTournament,24,False,ca369a93e7157a22e2d792ec6cd215d87f78cca403ce63cca6953f27c19803c6,12,12,0,1,0,24,0,12,12,0,0,24,0,0,24,0,0,24,0
506b56cb24df8cbf227c41c1772df2165b4d7296327c253c9873ae7ab7321def,,,FindQuiz + RemoveTournament,8,False,ca369a93e7157a22e2d792ec6cd215d87f78cca403ce63cca6953f27c19803c6,2,6,0,0,2,6,0,2,6,0,0,8,0,0,8,0,0,8,0
08d3e836ab00f670ca83c02b5cae2960f23bba143ef162fe0a8e2a88d3f3d772,,UpdateTournamentTest.update topic and tournament then read their quiz,FindQuiz + UpdateTopic + UpdateTournament,116,False,b1d8ad8526edcbb3de08a05d0b1fe2cc44e3300f7d1a05653a7b1c03c38da01c,38,78,0,0,0,116,0,38,78,0,0,116,0,0,116,0,0,116,0
6d70d90b5c54ead3539ab2c423f6c52759ede7e1a1d227bd4cc55f7fd73c0f6b,,UpdateTournamentTest.update topic and tournament then read their quiz,FindQuiz + UpdateTopic + UpdateTournament,176,False,b1d8ad8526edcbb3de08a05d0b1fe2cc44e3300f7d1a05653a7b1c03c38da01c,104,72,0,1,0,176,0,102,74,0,0,176,0,0,176,0,14,162,0
6e2476982e82ed01d8992465f96f244d00d5b643aeb7e5c528812dbe2a2ad19d,,UpdateTournamentTest.concurrent update of tournament; UpdateTournamentTest.update tournament successfully,FindQuiz + UpdateTournament,12,False,ca369a93e7157a22e2d792ec6cd215d87f78cca403ce63cca6953f27c19803c6,4,8,0,0,0,12,0,4,8,0,0,12,0,0,12,0,0,12,0
7d186fc363923b393918d2f6d8d926a603b187735cd3b259cc68204f68a5b037,breadth-117-7d186fc363,,FindTournament,2,True,8a661eab3bd3fbdab5caad8602eae7be6e8839595458f1dfb6c5903d2d13520d,0,2,0,0,0,2,0,0,2,0,0,2,0,0,2,0,0,2,0
ab51c0283e0886e1db7f156539ec126606e873b8c46a244b9019a635f0945e94,breadth-055-ab51c0283e,,FindTournament,2,True,8a661eab3bd3fbdab5caad8602eae7be6e8839595458f1dfb6c5903d2d13520d,0,2,0,0,0,2,0,0,2,0,0,2,0,0,2,0,0,2,0
1e1a0b294d7639be2a52eca0cb8eecc6cfa06a55c1900b808d0684a6ececd5e6,,"AddParticipantAndUpdateTournamentTest.add participant then update tournament; AddParticipantAndUpdateTournamentTest.add participant, update tournament, leave, and remove tournament",FindTournament + LeaveTournament,6,False,ca369a93e7157a22e2d792ec6cd215d87f78cca403ce63cca6953f27c19803c6,0,6,0,0,0,6,0,0,6,0,0,6,0,0,6,0,0,6,0
43daecb06b9a74a660248bae4179802081dc5eecad2fc5f582732ae0fe282faa,breadth-056-43daecb06b,,FindTournament + RemoveTournament,8,True,8a661eab3bd3fbdab5caad8602eae7be6e8839595458f1dfb6c5903d2d13520d,2,6,0,0,2,6,0,2,6,0,0,8,0,0,8,0,0,8,0
618787ae619d95f9bc22000e2ee413ad4f8f4e44bd44c15e4d8aa9007340b6dc,breadth-118-618787ae61,,FindTournament + RemoveTournament,8,True,8a661eab3bd3fbdab5caad8602eae7be6e8839595458f1dfb6c5903d2d13520d,2,6,0,0,2,6,0,2,6,0,0,8,0,0,8,0,0,8,0
a4ea1353f450eeecc10ca02a4ff4f61ce0ce1c6c566635ef3892228e4586cd3a,,RemoveTournamentAndUpdateTournamentTest.concurrent: update - getOriginalTournamentStep; remove; update - resume; RemoveTournamentAndUpdateTournamentTest.sequential: update; remove,FindTournament + RemoveTournament,8,False,ca369a93e7157a22e2d792ec6cd215d87f78cca403ce63cca6953f27c19803c6,2,6,0,0,2,6,0,2,6,0,0,8,0,0,8,0,0,8,0
ac14e6f61404afbd4fdd342b0206513366e5496fe56b847d7d2fafe8c913075c,late-02,,FindTournament + RemoveTournament,8,True,b177f1850ea34a516fa6db7e18616444773350def99bf26ec371dd4a9b6d7322,2,6,0,0,2,6,0,2,6,0,0,8,0,0,8,0,0,8,0
9541faaf6fcc4e7172d4f59370e5beee785388b2e2d6a6aacdfcd17c0af2f4d0,,AnonymizeStudentAndSolveQuizTest.UpdateStudentName event route has an eligible tournament receiver; AnonymizeStudentAndSolveQuizTest.sequential solve quiz and anonymize user,FindTournament + SolveQuiz,16,False,ca369a93e7157a22e2d792ec6cd215d87f78cca403ce63cca6953f27c19803c6,0,16,0,0,0,16,0,0,16,0,0,16,0,0,16,0,0,16,0
e77b5a81bd6ca0746ba1aa4a7dd624d52de1a53f442dec9a46defb780dceb57e,,UpdateTournamentTest.update topic and tournament successfully; UpdateTournamentTest.update tournament successfully; UpdateTournamentTest.update tournament with negative numberOfQuestions violates TOURNAMENT_NUMBER_OF_QUESTIONS_POSITIVE,FindTournament + UpdateTopic + UpdateTournament,82,False,ca369a93e7157a22e2d792ec6cd215d87f78cca403ce63cca6953f27c19803c6,26,48,8,0,0,82,0,26,48,8,0,82,0,0,82,0,4,78,0
1dc403f4facceacf0593664a93ba5282cdbb224b06c902c0ecac6904ccdbeeeb,breadth-058-1dc403f4fa,,FindTournament + UpdateTournament,12,True,8a661eab3bd3fbdab5caad8602eae7be6e8839595458f1dfb6c5903d2d13520d,4,8,0,0,0,12,0,4,8,0,0,12,0,0,12,0,0,12,0
7d9a0c208910390d7c4ae8c09cdbcfc8e7d1e156f87312b26b3e18d965c3904e,,AnonymizeStudentAndUpdateTournamentTest.concurrent: update - getOriginalTournamentStep; anonymize creator; update - resume; event; AnonymizeStudentAndUpdateTournamentTest.concurrent: update - updateTournamentStep; anonymize creator; update - resume; event,FindTournament + UpdateTournament,16,False,ca369a93e7157a22e2d792ec6cd215d87f78cca403ce63cca6953f27c19803c6,4,12,0,0,0,16,0,4,12,0,0,16,0,2,14,0,0,16,0
8d7ab6e2d1aefe7448749b9e2124ef8bcb9083c0dbf2f98da145bae665fb0348,,,FindTournament + UpdateTournament,16,False,ca369a93e7157a22e2d792ec6cd215d87f78cca403ce63cca6953f27c19803c6,4,12,0,0,0,16,0,4,12,0,0,16,0,2,14,0,0,16,0
1160dea937ac821f2340cc8aa436129fefaf3e319df426a750029dc1ae61db82,breadth-088-1160dea937,,GetCourseExecutionById,2,True,8a661eab3bd3fbdab5caad8602eae7be6e8839595458f1dfb6c5903d2d13520d,0,2,0,0,0,2,0,0,2,0,0,2,0,0,2,0,0,2,0
ed6c68a74b24883a85c21172af8e7ed9ce5e974cff09ad836e5ddd25d8cb23ff,breadth-020-ed6c68a74b,,GetCourseExecutionById,2,True,8a661eab3bd3fbdab5caad8602eae7be6e8839595458f1dfb6c5903d2d13520d,0,2,0,0,0,2,0,0,2,0,0,2,0,0,2,0,0,2,0
275d81af0796a8f8b380dd51f975561a0dbfa68d33211845121c299fa91b4513,,AddStudentAndRemoveStudentTest.concurrent: add - getUserStep; remove; add - resume; AddStudentAndRemoveStudentTest.sequential: remove first student; add second student,GetCourseExecutionById + RemoveStudentFromCourseExecution,8,False,ca369a93e7157a22e2d792ec6cd215d87f78cca403ce63cca6953f27c19803c6,0,8,0,0,0,8,0,0,8,0,0,8,0,0,8,0,0,8,0
90a85adf74b3bd13feee57f945741a412f6e0615b701399eb3caebd3388d78a4,breadth-089-90a85adf74,,GetCourseExecutionById + RemoveStudentFromCourseExecution,6,True,8a661eab3bd3fbdab5caad8602eae7be6e8839595458f1dfb6c5903d2d13520d,0,6,0,0,0,6,0,0,6,0,0,6,0,0,6,0,0,6,0
d1bebd79ca82f9e70f65bdd0c067e129aa8899fee5beb591cc947a6e7dfac2d7,breadth-021-d1bebd79ca,,GetCourseExecutionById + RemoveStudentFromCourseExecution,6,True,8a661eab3bd3fbdab5caad8602eae7be6e8839595458f1dfb6c5903d2d13520d,0,6,0,0,0,6,0,0,6,0,0,6,0,0,6,0,0,6,0
0a132ec30d36238c867b67e0759f57b685c50ee8b368b59cf6a44ed213e80ad9,,AddParticipantAndUpdateStudentNameTest.concurrent - add creator: update; add-s1; event; add-s2; AddParticipantAndUpdateStudentNameTest.sequential: update; add,GetCourseExecutionById + UpdateStudentName,4,False,ca369a93e7157a22e2d792ec6cd215d87f78cca403ce63cca6953f27c19803c6,0,4,0,0,0,4,0,0,4,0,0,4,0,0,4,0,0,4,0
840ccecac5bc2c6923d04d7e7e4ee71fc4284017012dd86e452f309907d89683,breadth-090-840ccecac5,,GetCourseExecutionById + UpdateStudentName,4,True,8a661eab3bd3fbdab5caad8602eae7be6e8839595458f1dfb6c5903d2d13520d,0,4,0,0,0,4,0,0,4,0,0,4,0,0,4,0,0,4,0
e465b03fa9b26a1f974d1c46bc0024e121e7b20936ed575d44f0a039ffb8db6e,breadth-022-e465b03fa9,,GetCourseExecutionById + UpdateStudentName,4,True,8a661eab3bd3fbdab5caad8602eae7be6e8839595458f1dfb6c5903d2d13520d,0,4,0,0,0,4,0,0,4,0,0,4,0,0,4,0,0,4,0
c0b611e23ef863add89a79fd8a2dad752dff4489439ce314f5798ab5a9d4d57f,breadth-026-c0b611e23e,,GetCourseExecutions,2,True,8a661eab3bd3fbdab5caad8602eae7be6e8839595458f1dfb6c5903d2d13520d,0,2,0,0,0,2,0,0,2,0,0,2,0,0,2,0,0,2,0
e61b02dd89a8281e2a16a2626bfd018d1824790bce88f9449e4ecea4a93eee79,breadth-093-e61b02dd89,,GetCourseExecutions,2,True,8a661eab3bd3fbdab5caad8602eae7be6e8839595458f1dfb6c5903d2d13520d,0,2,0,0,0,2,0,0,2,0,0,2,0,0,2,0,0,2,0
5cebe5046b8865a0d3bbbefe78c828758ac9e7fae6b1a1e3c748f1b20998a6a7,,RemoveCourseExecutionFaultTest.course execution still exists when getCourseExecutionStep fails; RemoveCourseExecutionFaultTest.course execution still exists when removeCourseExecutionStep fails,GetCourseExecutions + RemoveCourseExecution,8,False,ca369a93e7157a22e2d792ec6cd215d87f78cca403ce63cca6953f27c19803c6,2,6,0,0,0,8,0,2,6,0,0,8,0,0,8,0,0,8,0
d965e34a99d9a9704efd9ce4c1571ff378afb5d0a2ef7837c281818ab046963d,breadth-025-d965e34a99,,GetCourseExecutionsByUser,2,True,8a661eab3bd3fbdab5caad8602eae7be6e8839595458f1dfb6c5903d2d13520d,0,2,0,0,0,2,0,0,2,0,0,2,0,0,2,0,0,2,0
c02ea4e2aa957451893c83f36530fedaf2bded9e316761fdb216913ce65714b5,breadth-059-c02ea4e2aa,,LeaveTournament,3,True,8a661eab3bd3fbdab5caad8602eae7be6e8839595458f1dfb6c5903d2d13520d,0,3,0,0,0,3,0,0,3,0,0,3,0,0,3,0,0,3,0
56cfea865c00496352e19d36ed23db020be7a2e000763aa8e598d761e4112cef,,"AddParticipantAndUpdateTournamentTest.add participant, update tournament, leave, and remove tournament",LeaveTournament + UpdateTournament,33,False,ca369a93e7157a22e2d792ec6cd215d87f78cca403ce63cca6953f27c19803c6,13,20,0,0,0,33,0,13,20,0,0,33,0,0,33,0,0,33,0
0705b39ad71b92ae23e9578e248cbc2601f7dfb38bea763bcdadc86242ef4cc4,breadth-027-0705b39ad7,,RemoveCourseExecution,4,True,8a661eab3bd3fbdab5caad8602eae7be6e8839595458f1dfb6c5903d2d13520d,1,3,0,0,0,4,0,1,3,0,0,4,0,0,4,0,0,4,0
197c97cb5af7d281357b0c054b1b2b1394bf9b4a9b72638638bf8849618170c8,,AnonymizeStudentAndSolveQuizTest.DeleteCourseExecution event reaches an existing tournament,RemoveCourseExecution,4,False,f55518ac46b7b9d84dab1c029d62adc936082e36650003f82d70e2dffd68560b,2,2,0,1,1,3,0,1,3,0,0,4,0,0,4,0,0,4,0
2b4b0d635e762dbc8ee9dabbe866a790982f168c4b39e6780b2b7dfd3e97409f,,RemoveCourseExecutionQuizAnswerReceiverTest.RemoveCourseExecution event route has an eligible quiz answer receiver,RemoveCourseExecution,4,False,ca369a93e7157a22e2d792ec6cd215d87f78cca403ce63cca6953f27c19803c6,2,2,0,1,1,3,0,1,3,0,0,4,0,0,4,0,0,4,0
63799c6abca418040aefde68cf4e517046372dbf8ca5c964078a7a35e7bfd604,,RemoveCourseExecutionQuizAnswerReceiverTest.RemoveCourseExecution event route has an eligible quiz answer receiver,RemoveCourseExecution,4,False,ca369a93e7157a22e2d792ec6cd215d87f78cca403ce63cca6953f27c19803c6,2,2,0,1,1,3,0,1,3,0,0,4,0,0,4,0,0,4,0
7f851f225b98f7ed3a2e5e195828bc474b1e3fdf7fb6217fc4bcd963118df387,,AnonymizeStudentAndSolveQuizTest.DeleteCourseExecution event reaches an existing tournament,RemoveCourseExecution,4,False,5a4f3f7add85a1ecd1636a4111e604e2446c697d131baa79e4de166b683e266d,0,4,0,0,0,4,0,0,4,0,0,4,0,0,4,0,0,4,0
a5dcc8096fc2c447cbe860315ce25696b0f35f417eb1e0281ecee3995cf5fee8,,AnonymizeStudentAndSolveQuizTest.DeleteCourseExecution event reaches an existing tournament,RemoveCourseExecution,4,False,5a4f3f7add85a1ecd1636a4111e604e2446c697d131baa79e4de166b683e266d,0,4,0,0,0,4,0,0,4,0,0,4,0,0,4,0,0,4,0
a98059ab10b580a559ab1c12d057013090bd2b5b0c55df3f109ae570cab891e4,late-04,,RemoveCourseExecution,4,True,b177f1850ea34a516fa6db7e18616444773350def99bf26ec371dd4a9b6d7322,1,3,0,0,0,4,0,1,3,0,0,4,0,0,4,0,0,4,0
b879c555238b01bf9b3591bb7d1e6862601aaaf790ca22bf21b4c4ef754d5100,,AnonymizeStudentAndSolveQuizTest.DeleteCourseExecution event reaches an existing tournament,RemoveCourseExecution,4,False,5a4f3f7add85a1ecd1636a4111e604e2446c697d131baa79e4de166b683e266d,0,4,0,0,0,4,0,0,4,0,0,4,0,0,4,0,0,4,0
ba47eecb83b916a965d5b2f3989da07c4b088eb4f9fd5e029385643fca16ab8e,,AnonymizeStudentAndSolveQuizTest.DeleteCourseExecution event reaches an existing tournament,RemoveCourseExecution,4,False,f55518ac46b7b9d84dab1c029d62adc936082e36650003f82d70e2dffd68560b,2,2,0,1,1,3,0,1,3,0,0,4,0,0,4,0,0,4,0
bf2a68e032fcb3ad78dab1d18fe69f1b9ea89e819ba0b2c54c61e0743121d86d,,AnonymizeStudentAndSolveQuizTest.DeleteCourseExecution event reaches an existing tournament,RemoveCourseExecution,4,False,f55518ac46b7b9d84dab1c029d62adc936082e36650003f82d70e2dffd68560b,2,2,0,1,1,3,0,1,3,0,0,4,0,0,4,0,0,4,0
d53ab56d5d7842991016c1c260c699235e08701018c155565067d47f506347da,breadth-094-d53ab56d5d,,RemoveCourseExecution,4,True,8a661eab3bd3fbdab5caad8602eae7be6e8839595458f1dfb6c5903d2d13520d,1,3,0,0,0,4,0,1,3,0,0,4,0,0,4,0,0,4,0
f40293882dd7a84b9e2811bd9343f8dde1bc53a31ede634ed77a90e947a56cb7,,AnonymizeStudentAndSolveQuizTest.DeleteCourseExecution event reaches an existing tournament,RemoveCourseExecution,4,False,f55518ac46b7b9d84dab1c029d62adc936082e36650003f82d70e2dffd68560b,2,2,0,1,1,3,0,1,3,0,0,4,0,0,4,0,0,4,0
f69576a20d51c227b1082ee450f6e28214408a053ffb0950ad5f9093f47a2e89,,AnonymizeStudentAndSolveQuizTest.DeleteCourseExecution event reaches an existing tournament,RemoveCourseExecution,4,False,5a4f3f7add85a1ecd1636a4111e604e2446c697d131baa79e4de166b683e266d,0,4,0,0,0,4,0,0,4,0,0,4,0,0,4,0,0,4,0
282d37a3a0d9a0e37b2e97af97e46ae354b5834074fcc013038c75fe9e4379de,,UpdateTournamentTest.remove a question already used by a tournament quiz,RemoveQuestion,4,False,7a438753f04670a70ea1ab414bb597a4ff905a813a6a8ede9bbad716ed2b1c84,1,2,1,1,1,2,1,0,3,1,0,3,1,0,3,1,0,3,1
05b93426b21581c68958028f782140ce84aed2031a3ad999b9122802bb392036,breadth-029-05b93426b2,,RemoveStudentFromCourseExecution,3,True,8a661eab3bd3fbdab5caad8602eae7be6e8839595458f1dfb6c5903d2d13520d,0,3,0,0,0,3,0,0,3,0,0,3,0,0,3,0,0,3,0
3d058267b87f166fe571b2f55c453c3d9d7066f35c9419d93ffd8abfa4874473,,AnonymizeStudentAndSolveQuizTest.DisenrollStudent event reaches an existing tournament participant,RemoveStudentFromCourseExecution,3,False,5a4f3f7add85a1ecd1636a4111e604e2446c697d131baa79e4de166b683e266d,0,3,0,0,0,3,0,0,3,0,0,3,0,0,3,0,0,3,0
6f3475c9c6bba754e43190d44230444852c711726e85c1bd093fb27153bbf075,,AnonymizeStudentAndSolveQuizTest.DisenrollStudent event reaches an existing tournament participant,RemoveStudentFromCourseExecution,3,False,5a4f3f7add85a1ecd1636a4111e604e2446c697d131baa79e4de166b683e266d,0,3,0,0,0,3,0,0,3,0,0,3,0,0,3,0,0,3,0
7722ba35fdf6b1c9324aaa704517a7d986ac820c4d3cd90631a6d07e2cf737fa,,AnonymizeStudentAndSolveQuizTest.DisenrollStudent event reaches an existing tournament participant,RemoveStudentFromCourseExecution,3,False,5a4f3f7add85a1ecd1636a4111e604e2446c697d131baa79e4de166b683e266d,0,3,0,0,0,3,0,0,3,0,0,3,0,0,3,0,0,3,0
7ccdfedb7cbf7735fcd7b6c9c1ff1124fdc11895ef8004f126d21ca20f6c01e2,,RemoveStudentFromCourseExecutionTest.remove student successfully,RemoveStudentFromCourseExecution,3,False,ca369a93e7157a22e2d792ec6cd215d87f78cca403ce63cca6953f27c19803c6,0,3,0,0,0,3,0,0,3,0,0,3,0,0,3,0,0,3,0
a2c78d5b591ae5eab0113dc8185a09a736624fb7730ac6e048d3e7d6cce0b676,breadth-096-a2c78d5b59,,RemoveStudentFromCourseExecution,3,True,8a661eab3bd3fbdab5caad8602eae7be6e8839595458f1dfb6c5903d2d13520d,0,3,0,0,0,3,0,0,3,0,0,3,0,0,3,0,0,3,0
f24c5fe4d435e1b973eab36d45fda695d21828ff02b9b9951308b309eaf4d045,,RemoveStudentFromCourseExecutionTest.remove student successfully,RemoveStudentFromCourseExecution,3,False,ca369a93e7157a22e2d792ec6cd215d87f78cca403ce63cca6953f27c19803c6,0,3,0,0,0,3,0,0,3,0,0,3,0,0,3,0,0,3,0
631519b6267c37fa7dac46f9b72e03f8c7da3c251da27b86281eb0e1a1d36f3e,,UpdateStudentNameAndRemoveStudentTest.sequential: remove student; update name,RemoveStudentFromCourseExecution + UpdateStudentName,6,False,ca369a93e7157a22e2d792ec6cd215d87f78cca403ce63cca6953f27c19803c6,0,6,0,0,0,6,0,0,6,0,0,6,0,0,6,0,0,6,0
4766967faab25f8a909b9b97c45dfcbf79838ae86cf23457451fbc4e8a3e8347,breadth-121-4766967faa,,RemoveTournament,4,True,8a661eab3bd3fbdab5caad8602eae7be6e8839595458f1dfb6c5903d2d13520d,1,3,0,0,1,3,0,1,3,0,0,4,0,0,4,0,0,4,0
d9fb3b5894d4a4cc7df9644b4c4b6887627ad118016f202d2099b8ae52670cfa,breadth-060-d9fb3b5894,,RemoveTournament,4,True,8a661eab3bd3fbdab5caad8602eae7be6e8839595458f1dfb6c5903d2d13520d,1,3,0,0,1,3,0,1,3,0,0,4,0,0,4,0,0,4,0
af094b4a2b29d4d732da71c44da940ede3ed6cb5fe57708e27d63496d3991991,,"AddParticipantAndUpdateTournamentTest.add participant, update tournament, leave, and remove tournament; AddParticipantAndUpdateTournamentTest.update tournament then add participant",RemoveTournament + UpdateTournament,71,False,ca369a93e7157a22e2d792ec6cd215d87f78cca403ce63cca6953f27c19803c6,34,37,0,0,32,39,0,34,37,0,0,71,0,0,71,0,0,71,0
783024ced6398dc266c67d98d18677048872fbe0c78839e1d5260179a4f61ebf,breadth-063-783024ced6,,SolveQuiz,8,True,8a661eab3bd3fbdab5caad8602eae7be6e8839595458f1dfb6c5903d2d13520d,0,8,0,0,0,8,0,0,8,0,0,8,0,0,8,0,0,8,0
28a7d8f7aa486539bce0115d4fa142e34eb499d99476f736f7d07fa9d7d7f57f,,AnonymizeStudentAndSolveQuizTest.UpdateStudentName event route has an eligible tournament receiver; AnonymizeStudentAndSolveQuizTest.sequential solve quiz and anonymize user,SolveQuiz + UpdateStudentName,38,False,ca369a93e7157a22e2d792ec6cd215d87f78cca403ce63cca6953f27c19803c6,0,37,1,0,0,38,0,0,37,1,0,38,0,0,38,0,0,38,0
45eb75108b99bb4e9544720a7f91fe95ac8ecd38a7754fc731aaffb4c04cbec7,breadth-072-45eb75108b,,StartQuiz,4,True,8a661eab3bd3fbdab5caad8602eae7be6e8839595458f1dfb6c5903d2d13520d,0,4,0,0,0,4,0,0,4,0,0,4,0,0,4,0,0,4,0
8d575abe3225fd3c2a30d247a1c0cf7e0db96dcf164a7bb2dd444714081be324,breadth-002-8d575abe32,,StartQuiz,4,True,8a661eab3bd3fbdab5caad8602eae7be6e8839595458f1dfb6c5903d2d13520d,0,4,0,0,0,4,0,0,4,0,0,4,0,0,4,0,0,4,0
22e785bc8ae74cc1f4160e8dd0ea764675d8e06baa141ad56952bc3c3ed428d8,,UpdateTournamentTest.update a question already included in a tournament quiz,UpdateQuestion,3,False,ca369a93e7157a22e2d792ec6cd215d87f78cca403ce63cca6953f27c19803c6,1,2,0,1,0,3,0,0,3,0,1,2,0,0,3,0,0,3,0
377f8726fe6f933146a1d678933eb1039c9dafbc9a976a8fd926ee12a18cacab,breadth-032-377f8726fe,,UpdateStudentName,2,True,8a661eab3bd3fbdab5caad8602eae7be6e8839595458f1dfb6c5903d2d13520d,0,2,0,0,0,2,0,0,2,0,0,2,0,0,2,0,0,2,0
a6b0e8ca89cc4b0fb59c0d7d8a3cb59cd2345f955bf2591aa4c65a25fb927127,breadth-099-a6b0e8ca89,,UpdateStudentName,2,True,8a661eab3bd3fbdab5caad8602eae7be6e8839595458f1dfb6c5903d2d13520d,0,2,0,0,0,2,0,0,2,0,0,2,0,0,2,0,0,2,0
09012cdb7635d5e9fa5f0c805077456689fb1174382f68f45041eb91171a8bf7,topic,,UpdateTopic + UpdateTournament,44,True,b177f1850ea34a516fa6db7e18616444773350def99bf26ec371dd4a9b6d7322,17,25,2,0,0,44,0,17,25,2,0,44,0,0,44,0,0,44,0
1d79a9a1d6e26450402beba2893ef1c1d4a11935614df6034f371407a5aa3c87,recovery-late-event,,UpdateTopic + UpdateTournament,62,True,b177f1850ea34a516fa6db7e18616444773350def99bf26ec371dd4a9b6d7322,20,26,16,0,0,62,0,20,26,16,0,62,0,0,62,0,2,60,0
4d36f10b68efc977d9495444fdf2f181b1df64b788d474c897b0e98f33ab2f7e,no-event,,UpdateTopic + UpdateTournament,35,True,b177f1850ea34a516fa6db7e18616444773350def99bf26ec371dd4a9b6d7322,15,20,0,0,0,35,0,15,20,0,0,35,0,0,35,0,0,35,0
50f10adc88c17e271fe70babe11d8d9a80534eba04c4c5beb24a408ffa37fdd7,,UpdateTournamentTest.update topic and tournament successfully; UpdateTournamentTest.update tournament successfully,UpdateTopic + UpdateTournament,41,False,ca369a93e7157a22e2d792ec6cd215d87f78cca403ce63cca6953f27c19803c6,13,24,4,0,0,41,0,13,24,4,0,41,0,0,41,0,4,37,0
7d1ba58828b3fff6f090a0a9c964a50f6acf7e02c4942d7da1e84d4a53404275,,UpdateTournamentTest.update topic and tournament successfully; UpdateTournamentTest.update tournament successfully,UpdateTopic + UpdateTournament,37,False,ca369a93e7157a22e2d792ec6cd215d87f78cca403ce63cca6953f27c19803c6,15,22,0,0,0,37,0,15,22,0,0,37,0,0,37,0,0,37,0
20bd52195677ebaadb74b87fbaba8a76c0ae00e2ec87f10fab1909904b4da6e3,breadth-123-20bd521956,,UpdateTournament,6,True,8a661eab3bd3fbdab5caad8602eae7be6e8839595458f1dfb6c5903d2d13520d,2,4,0,0,0,6,0,2,4,0,0,6,0,0,6,0,0,6,0
