route,event,publisher_type,consumer,consumer_saga,subscription_type,subscription_expression,subscription_file,identity_check,verifier,accepted_producer_sagas,runtime_delivery,measured_controls,delivered_controls,no_eligible_controls,control_evidence,receiver_changed_in_exemplar,receiver_changed_at_horizon,eligible_at_horizon,changed_deliveries,unchanged_deliveries,unchanged_eligible_at_horizon,delivery_evidence_gaps,audit_state,supporting_evidence,extra_subscription_predicate,audit_note,event_class_file,producer_sites,handler_method_source,consumer_saga_file,event_payload_fields,additional_eligibility,observed_immediate_application_changes,handler_service_source,handler_source_effect,retained_control_evidence
1,AnonymizeStudentEvent,Execution,answer,UpdateUserNameInQuizAnswer,Execution,quizAnswer.getAnswerCourseExecution().getCourseExecutionAggregateId(),applications/quizzes/src/main/java/pt/ulisboa/tecnico/socialsoftware/quizzes/microservices/answer/notification/subscribe/QuizAnswerSubscribesAnonymizeStudent.java,matching_type,included,1,delivered_in_control,5,1,4,verifiers/target/allocator-local-pilot-2026-09-23/family-66-map-v9/attempt-044/execution-report.json,true,true,false,1,0,0,0,delivered_in_recorded_control,verifiers/target/allocator-local-pilot-2026-09-23/family-66-map-v9/attempt-044/execution-report.json,yes,,applications/quizzes/src/main/java/pt/ulisboa/tecnico/socialsoftware/quizzes/events/AnonymizeStudentEvent.java,applications/quizzes/src/main/java/pt/ulisboa/tecnico/socialsoftware/quizzes/microservices/execution/service/ExecutionService.java:164,applications/quizzes/src/main/java/pt/ulisboa/tecnico/socialsoftware/quizzes/microservices/answer/notification/handling/QuizAnswerEventHandling.java:71,applications/quizzes/src/main/java/pt/ulisboa/tecnico/socialsoftware/quizzes/microservices/answer/coordination/sagas/UpdateUserNameInQuizAnswerFunctionalitySagas.java,name | username | studentAggregateId,studentAggregateId = QuizAnswer.student.id,answerCourseExecution.courseExecutionVersion,applications/quizzes/src/main/java/pt/ulisboa/tecnico/socialsoftware/quizzes/microservices/answer/service/QuizAnswerService.java:128,matching student name and Execution version; registerChanged,docs/verifiers-impl/evidence/quizzes-event-route-audit-2026-09-26/controls/route-01/execution-report.json
2,DeleteCourseExecutionEvent,Execution,answer,RemoveQuizAnswer,Execution,answerCourseExecution.getCourseExecutionAggregateId(),applications/quizzes/src/main/java/pt/ulisboa/tecnico/socialsoftware/quizzes/microservices/answer/notification/subscribe/QuizAnswerSubscribesRemoveCourseExecution.java,matching_type,included,1,delivered_in_control,4,1,3,verifiers/target/workload-search-2026-09-24/remove-execution-answer-single/route0-map/attempt-004/execution-report.json,true,true,false,1,0,0,0,delivered_in_recorded_control,verifiers/target/workload-search-2026-09-24/remove-execution-answer-single/route0-map/attempt-004/execution-report.json,no,,applications/quizzes/src/main/java/pt/ulisboa/tecnico/socialsoftware/quizzes/events/DeleteCourseExecutionEvent.java,applications/quizzes/src/main/java/pt/ulisboa/tecnico/socialsoftware/quizzes/microservices/execution/service/ExecutionService.java:95,applications/quizzes/src/main/java/pt/ulisboa/tecnico/socialsoftware/quizzes/microservices/answer/notification/handling/QuizAnswerEventHandling.java:35,applications/quizzes/src/main/java/pt/ulisboa/tecnico/socialsoftware/quizzes/microservices/answer/coordination/sagas/RemoveQuizAnswerFunctionalitySagas.java,none beyond base Event,none,state,applications/quizzes/src/main/java/pt/ulisboa/tecnico/socialsoftware/quizzes/microservices/answer/service/QuizAnswerService.java:115,QuizAnswer removed; registerChanged,docs/verifiers-impl/evidence/quizzes-event-route-audit-2026-09-26/controls/route-02/execution-report.json
3,InvalidateQuizEvent,Quiz,answer,RemoveQuizAnswer,Quiz,quizAnswer.getQuiz().getQuizAggregateId(),applications/quizzes/src/main/java/pt/ulisboa/tecnico/socialsoftware/quizzes/microservices/answer/notification/subscribe/QuizAnswerSubscribesInvalidateQuiz.java,matching_type,excluded_conditional_emission,0,not_measured_in_master,0,0,0,,,,,0,0,0,0,delivered_in_existing_app_test,applications/quizzes/src/test/groovy/pt/ulisboa/tecnico/socialsoftware/quizzes/sagas/coordination/answer/QuizAnswerEventHandlingTest.groovy,no,Producer InvalidateQuizEvent requires QuizService.removeQuizQuestion; the upstream DeleteQuestionEvent has a publisher/subscription ID mismatch.,applications/quizzes/src/main/java/pt/ulisboa/tecnico/socialsoftware/quizzes/events/InvalidateQuizEvent.java,applications/quizzes/src/main/java/pt/ulisboa/tecnico/socialsoftware/quizzes/microservices/quiz/service/QuizService.java:201,applications/quizzes/src/main/java/pt/ulisboa/tecnico/socialsoftware/quizzes/microservices/answer/notification/handling/QuizAnswerEventHandling.java:44,applications/quizzes/src/main/java/pt/ulisboa/tecnico/socialsoftware/quizzes/microservices/answer/coordination/sagas/RemoveQuizAnswerFunctionalitySagas.java,none beyond base Event,none,QuizAnswer.state = DELETED (existing app test; manually inserted event),applications/quizzes/src/main/java/pt/ulisboa/tecnico/socialsoftware/quizzes/microservices/answer/service/QuizAnswerService.java:115,QuizAnswer removed; registerChanged,
4,DeleteUserEvent,User,answer,RemoveUserFromQuizAnswer,,,,missing_subscription,included,1,not_measured_in_master,0,0,0,,,,,0,0,0,0,structural_delivery_blocker,applications/quizzes/src/main/java/pt/ulisboa/tecnico/socialsoftware/quizzes/microservices/answer/aggregate/QuizAnswer.java,no_subscription,QuizAnswer.getEventSubscriptions has no DeleteUserEvent subscription.,applications/quizzes/src/main/java/pt/ulisboa/tecnico/socialsoftware/quizzes/events/DeleteUserEvent.java,applications/quizzes/src/main/java/pt/ulisboa/tecnico/socialsoftware/quizzes/microservices/user/service/UserService.java:81,applications/quizzes/src/main/java/pt/ulisboa/tecnico/socialsoftware/quizzes/microservices/answer/notification/handling/QuizAnswerEventHandling.java:26,applications/quizzes/src/main/java/pt/ulisboa/tecnico/socialsoftware/quizzes/microservices/answer/coordination/sagas/RemoveUserFromQuizAnswerFunctionalitySagas.java,none beyond base Event,no subscription declared,not_observed,applications/quizzes/src/main/java/pt/ulisboa/tecnico/socialsoftware/quizzes/microservices/answer/service/QuizAnswerService.java:146,student state DELETED and QuizAnswer INACTIVE; registerChanged if version guard passes,
5,DisenrollStudentFromCourseExecutionEvent,Execution,answer,RemoveUserFromQuizAnswer,Execution,quizAnswer.getAnswerCourseExecution().getCourseExecutionAggregateId(),applications/quizzes/src/main/java/pt/ulisboa/tecnico/socialsoftware/quizzes/microservices/answer/notification/subscribe/QuizAnswerSubscribesUnerollStudentFromCourseExecution.java,matching_type,included,2,delivered_in_control,6,1,5,verifiers/target/allocator-local-pilot-2026-09-23/family-71-map-v9/attempt-010/execution-report.json,true,true,false,1,0,0,0,delivered_in_recorded_control,verifiers/target/allocator-local-pilot-2026-09-23/family-71-map-v9/attempt-010/execution-report.json,yes,,applications/quizzes/src/main/java/pt/ulisboa/tecnico/socialsoftware/quizzes/events/DisenrollStudentFromCourseExecutionEvent.java,applications/quizzes/src/main/java/pt/ulisboa/tecnico/socialsoftware/quizzes/microservices/execution/service/ExecutionService.java:139 | applications/quizzes/src/main/java/pt/ulisboa/tecnico/socialsoftware/quizzes/microservices/execution/service/ExecutionService.java:198,applications/quizzes/src/main/java/pt/ulisboa/tecnico/socialsoftware/quizzes/microservices/answer/notification/handling/QuizAnswerEventHandling.java:53,applications/quizzes/src/main/java/pt/ulisboa/tecnico/socialsoftware/quizzes/microservices/answer/coordination/sagas/RemoveUserFromQuizAnswerFunctionalitySagas.java,studentAggregateId,studentAggregateId = QuizAnswer.student.id,state | student.studentState,applications/quizzes/src/main/java/pt/ulisboa/tecnico/socialsoftware/quizzes/microservices/answer/service/QuizAnswerService.java:146,student state DELETED and QuizAnswer INACTIVE; registerChanged if version guard passes,docs/verifiers-impl/evidence/quizzes-event-route-audit-2026-09-26/controls/route-05/execution-report.json
6,UpdateStudentNameEvent,Execution,answer,UpdateUserNameInQuizAnswer,Execution,quizAnswer.getAnswerCourseExecution().getCourseExecutionAggregateId(),applications/quizzes/src/main/java/pt/ulisboa/tecnico/socialsoftware/quizzes/microservices/answer/notification/subscribe/QuizAnswerSubscribesUpdateStudentName.java,matching_type,included,1,delivered_in_control,5,1,4,verifiers/target/allocator-local-pilot-2026-09-23/family-102-map-v9/attempt-038/execution-report.json,true,true,false,1,0,0,0,delivered_in_recorded_control,verifiers/target/allocator-local-pilot-2026-09-23/family-102-map-v9/attempt-038/execution-report.json,yes,,applications/quizzes/src/main/java/pt/ulisboa/tecnico/socialsoftware/quizzes/events/UpdateStudentNameEvent.java,applications/quizzes/src/main/java/pt/ulisboa/tecnico/socialsoftware/quizzes/microservices/execution/service/ExecutionService.java:181,applications/quizzes/src/main/java/pt/ulisboa/tecnico/socialsoftware/quizzes/microservices/answer/notification/handling/QuizAnswerEventHandling.java:62,applications/quizzes/src/main/java/pt/ulisboa/tecnico/socialsoftware/quizzes/microservices/answer/coordination/sagas/UpdateUserNameInQuizAnswerFunctionalitySagas.java,studentAggregateId | updatedName,studentAggregateId = QuizAnswer.student.id,answerCourseExecution.courseExecutionVersion,applications/quizzes/src/main/java/pt/ulisboa/tecnico/socialsoftware/quizzes/microservices/answer/service/QuizAnswerService.java:128,matching student name and Execution version; registerChanged,docs/verifiers-impl/evidence/quizzes-event-route-audit-2026-09-26/controls/route-06/execution-report.json
7,DeleteUserEvent,User,execution,RemoveUserFromCourseExecution,User,courseExecutionStudent.getUserAggregateId(),applications/quizzes/src/main/java/pt/ulisboa/tecnico/socialsoftware/quizzes/microservices/execution/notification/subscribe/CourseExecutionSubscribesRemoveUser.java,matching_type,excluded_recursive_chain,0,not_measured_in_master,0,0,0,,,,,0,0,0,0,delivered_in_existing_app_test,applications/quizzes/src/test/groovy/pt/ulisboa/tecnico/socialsoftware/quizzes/sagas/coordination/execution/DeleteUserFromCourseExecutionTest.groovy,yes,Producer and consumer execute in DeleteUserFromCourseExecutionTest; verifier excludes the chain because receiver Saga can emit another event.,applications/quizzes/src/main/java/pt/ulisboa/tecnico/socialsoftware/quizzes/events/DeleteUserEvent.java,applications/quizzes/src/main/java/pt/ulisboa/tecnico/socialsoftware/quizzes/microservices/user/service/UserService.java:81,applications/quizzes/src/main/java/pt/ulisboa/tecnico/socialsoftware/quizzes/microservices/execution/notification/handling/CourseExecutionEventHandling.java:26,applications/quizzes/src/main/java/pt/ulisboa/tecnico/socialsoftware/quizzes/microservices/execution/coordination/sagas/RemoveUserFromCourseExecutionFunctionalitySagas.java,none beyond base Event,User.id = Execution.student.id AND student.active,Execution.student.active = false (existing app test),applications/quizzes/src/main/java/pt/ulisboa/tecnico/socialsoftware/quizzes/microservices/execution/service/ExecutionService.java:190,Execution student active=false; registerChanged; emits DisenrollStudentFromCourseExecutionEvent,
8,DeleteTopicEvent,Topic,question,DeleteTopicInQuestion,Topic,questionTopic.getTopicAggregateId(),applications/quizzes/src/main/java/pt/ulisboa/tecnico/socialsoftware/quizzes/microservices/question/notification/subscribe/QuestionSubscribesDeleteTopic.java,matching_type,included,1,delivered_in_control,1,1,0,verifiers/target/workload-expansion-2026-09-25/delete-topic-question-map/attempt-001/execution-report.json,true,true,true,1,0,0,0,delivered_in_recorded_control,verifiers/target/workload-expansion-2026-09-25/delete-topic-question-map/attempt-001/execution-report.json,no,,applications/quizzes/src/main/java/pt/ulisboa/tecnico/socialsoftware/quizzes/events/DeleteTopicEvent.java,applications/quizzes/src/main/java/pt/ulisboa/tecnico/socialsoftware/quizzes/microservices/topic/service/TopicService.java:74,applications/quizzes/src/main/java/pt/ulisboa/tecnico/socialsoftware/quizzes/microservices/question/notification/handling/QuestionEventHandling.java:37,applications/quizzes/src/main/java/pt/ulisboa/tecnico/socialsoftware/quizzes/microservices/question/coordination/sagas/DeleteTopicInQuestionFunctionalitySagas.java,none beyond base Event,none,options[0].optionKey | options[1].optionKey | questionTopics[0].state,applications/quizzes/src/main/java/pt/ulisboa/tecnico/socialsoftware/quizzes/microservices/question/service/QuestionService.java:147,matching QuestionTopic INACTIVE; registerChanged if version guard passes,docs/verifiers-impl/evidence/quizzes-event-route-audit-2026-09-26/controls/route-08/execution-report.json
9,UpdateTopicEvent,Topic,question,UpdateTopicInQuestion,Topic,questionTopic.getTopicAggregateId(),applications/quizzes/src/main/java/pt/ulisboa/tecnico/socialsoftware/quizzes/microservices/question/notification/subscribe/QuestionSubscribesUpdateTopic.java,matching_type,included,1,delivered_in_control,5,4,1,verifiers/target/allocator-local-pilot-2026-09-23/family-14-map-v4/attempt-003/execution-report.json,true,true,false,4,0,0,0,delivered_in_recorded_control,verifiers/target/allocator-local-pilot-2026-09-23/family-14-map-v4/attempt-003/execution-report.json,no,,applications/quizzes/src/main/java/pt/ulisboa/tecnico/socialsoftware/quizzes/events/UpdateTopicEvent.java,applications/quizzes/src/main/java/pt/ulisboa/tecnico/socialsoftware/quizzes/microservices/topic/service/TopicService.java:65,applications/quizzes/src/main/java/pt/ulisboa/tecnico/socialsoftware/quizzes/microservices/question/notification/handling/QuestionEventHandling.java:28,applications/quizzes/src/main/java/pt/ulisboa/tecnico/socialsoftware/quizzes/microservices/question/coordination/sagas/UpdateTopicInQuestionFunctionalitySagas.java,topicName,none,options[0].optionKey | options[1].optionKey | questionTopics[0].topicName | questionTopics[0].topicVersion,applications/quizzes/src/main/java/pt/ulisboa/tecnico/socialsoftware/quizzes/microservices/question/service/QuestionService.java:128,QuestionTopic name/version updated; registerChanged,docs/verifiers-impl/evidence/quizzes-event-route-audit-2026-09-26/controls/route-09/execution-report.json
10,DeleteCourseExecutionEvent,Execution,quiz,RemoveCourseExecutionFromQuiz,Execution,quizCourseExecution.getCourseExecutionAggregateId(),applications/quizzes/src/main/java/pt/ulisboa/tecnico/socialsoftware/quizzes/microservices/quiz/notification/subscribe/QuizSubscribesDeleteCourseExecution.java,matching_type,included,1,delivered_in_control,4,1,3,verifiers/target/workload-search-2026-09-24/remove-execution-answer-single/route1-map/attempt-002/execution-report.json,true,true,false,1,0,0,0,delivered_in_recorded_control,verifiers/target/workload-search-2026-09-24/remove-execution-answer-single/route1-map/attempt-002/execution-report.json,no,,applications/quizzes/src/main/java/pt/ulisboa/tecnico/socialsoftware/quizzes/events/DeleteCourseExecutionEvent.java,applications/quizzes/src/main/java/pt/ulisboa/tecnico/socialsoftware/quizzes/microservices/execution/service/ExecutionService.java:95,applications/quizzes/src/main/java/pt/ulisboa/tecnico/socialsoftware/quizzes/microservices/quiz/notification/handling/QuizEventHandling.java:30,applications/quizzes/src/main/java/pt/ulisboa/tecnico/socialsoftware/quizzes/microservices/quiz/coordination/sagas/RemoveCourseExecutionFromQuizFunctionalitySagas.java,none beyond base Event,none,state,applications/quizzes/src/main/java/pt/ulisboa/tecnico/socialsoftware/quizzes/microservices/quiz/service/QuizService.java:164,matching Quiz INACTIVE; registerChanged,docs/verifiers-impl/evidence/quizzes-event-route-audit-2026-09-26/controls/route-10/execution-report.json
11,DeleteQuestionEvent,Course,quiz,RemoveQuizQuestion,Question,quizQuestion.getQuestionAggregateId(),applications/quizzes/src/main/java/pt/ulisboa/tecnico/socialsoftware/quizzes/microservices/quiz/notification/subscribe/QuizSubscribesDeleteQuestion.java,mismatch,excluded_recursive_chain,0,not_measured_in_master,0,0,0,,,,,0,0,0,0,structural_delivery_blocker,applications/quizzes/src/main/java/pt/ulisboa/tecnico/socialsoftware/quizzes/microservices/quiz/notification/subscribe/QuizSubscribesDeleteQuestion.java,no,DeleteQuestionEvent publishes Course ID but Quiz subscribes Question ID; handler also passes publisher ID as question ID.,applications/quizzes/src/main/java/pt/ulisboa/tecnico/socialsoftware/quizzes/events/DeleteQuestionEvent.java,applications/quizzes/src/main/java/pt/ulisboa/tecnico/socialsoftware/quizzes/microservices/question/service/QuestionService.java:92,applications/quizzes/src/main/java/pt/ulisboa/tecnico/socialsoftware/quizzes/microservices/quiz/notification/handling/QuizEventHandling.java:48,applications/quizzes/src/main/java/pt/ulisboa/tecnico/socialsoftware/quizzes/microservices/quiz/coordination/sagas/RemoveQuizQuestionFunctionalitySagas.java,courseAggregateId (duplicates publisher ID),none,not_observed,applications/quizzes/src/main/java/pt/ulisboa/tecnico/socialsoftware/quizzes/microservices/quiz/service/QuizService.java:192,copied Quiz INACTIVE and copied QuizQuestion DELETED; emits InvalidateQuizEvent; no registerChanged,
12,UpdateQuestionEvent,Question,quiz,UpdateQuestionInQuiz,Question,quizQuestion.getQuestionAggregateId(),applications/quizzes/src/main/java/pt/ulisboa/tecnico/socialsoftware/quizzes/microservices/quiz/notification/subscribe/QuizSubscribesUpdateQuestion.java,matching_type,included,1,delivered_in_control,2,2,0,verifiers/target/event-question-normal-2026-09-24/event-map/attempt-001/execution-report.json,false,false,true,0,2,2,0,delivered_in_recorded_control,verifiers/target/event-question-normal-2026-09-24/event-map/attempt-001/execution-report.json | applications/quizzes/src/main/java/pt/ulisboa/tecnico/socialsoftware/quizzes/microservices/quiz/service/QuizService.java:178,no,"Two recorded deliveries left the eligible Quiz unchanged at the evaluation horizon. QuizService.updateQuestion mutates a copied QuizQuestion but never calls unitOfWorkService.registerChanged(newQuiz, unitOfWork).",applications/quizzes/src/main/java/pt/ulisboa/tecnico/socialsoftware/quizzes/events/UpdateQuestionEvent.java,applications/quizzes/src/main/java/pt/ulisboa/tecnico/socialsoftware/quizzes/microservices/question/service/QuestionService.java:82,applications/quizzes/src/main/java/pt/ulisboa/tecnico/socialsoftware/quizzes/microservices/quiz/notification/handling/QuizEventHandling.java:39,applications/quizzes/src/main/java/pt/ulisboa/tecnico/socialsoftware/quizzes/microservices/quiz/coordination/sagas/UpdateQuestionInQuizFunctionalitySagas.java,title | content,none,none in recorded control,applications/quizzes/src/main/java/pt/ulisboa/tecnico/socialsoftware/quizzes/microservices/quiz/service/QuizService.java:178,copied QuizQuestion title/content/version updated; no registerChanged,docs/verifiers-impl/evidence/quizzes-event-route-audit-2026-09-26/controls/route-12/execution-report.json
13,AnonymizeStudentEvent,Execution,tournament,AnonymizeUserTournament,Execution,tournament.getTournamentCourseExecution().getCourseExecutionAggregateId(),applications/quizzes/src/main/java/pt/ulisboa/tecnico/socialsoftware/quizzes/microservices/tournament/notification/subscribe/TournamentSubscribesAnonymizeStudent.java,matching_type,included,1,delivered_in_control,5,2,3,verifiers/target/allocator-local-pilot-2026-09-23/family-60-map-v9/attempt-004/execution-report.json,true,true,false,2,0,0,0,delivered_in_recorded_control,verifiers/target/allocator-local-pilot-2026-09-23/family-60-map-v9/attempt-004/execution-report.json,yes,,applications/quizzes/src/main/java/pt/ulisboa/tecnico/socialsoftware/quizzes/events/AnonymizeStudentEvent.java,applications/quizzes/src/main/java/pt/ulisboa/tecnico/socialsoftware/quizzes/microservices/execution/service/ExecutionService.java:164,applications/quizzes/src/main/java/pt/ulisboa/tecnico/socialsoftware/quizzes/microservices/tournament/notification/handling/TournamentEventHandling.java:38,applications/quizzes/src/main/java/pt/ulisboa/tecnico/socialsoftware/quizzes/microservices/tournament/coordination/sagas/AnonymizeUserTournamentFunctionalitySagas.java,name | username | studentAggregateId,studentAggregateId = Tournament.creator.id OR participant.id,tournamentCourseExecution.courseExecutionVersion | tournamentParticipants[0].participantName | tournamentParticipants[0].participantUsername,applications/quizzes/src/main/java/pt/ulisboa/tecnico/socialsoftware/quizzes/microservices/tournament/service/TournamentService.java:190,creator anonymized and Tournament INACTIVE or participant anonymized; registerChanged,docs/verifiers-impl/evidence/quizzes-event-route-audit-2026-09-26/controls/route-13/execution-report.json
14,QuizAnswerQuestionAnswerEvent,QuizAnswer,tournament,UpdateParticipantAnswer,QuizAnswer,tournamentParticipant.getParticipantAnswer().getQuizAnswerAggregateId(),applications/quizzes/src/main/java/pt/ulisboa/tecnico/socialsoftware/quizzes/microservices/tournament/notification/subscribe/TournamentSubscribesAnswerQuestion.java,matching_type,included,1,not_measured_in_master,0,0,0,,,,,0,0,0,0,producer_execution_blocker,applications/quizzes/src/main/java/pt/ulisboa/tecnico/socialsoftware/quizzes/microservices/answer/coordination/sagas/AnswerQuestionFunctionalitySagas.java:62 | applications/quizzes/src/main/java/pt/ulisboa/tecnico/socialsoftware/quizzes/microservices/answer/coordination/functionalities/QuizAnswerFunctionalities.java:60,yes,The only constructor path leaves quizAnswer null; getQuizAnswerStep dereferences it at line 64 before the first assignment at line 68. A normal AnswerQuestion Saga cannot reach the event-publishing step.,applications/quizzes/src/main/java/pt/ulisboa/tecnico/socialsoftware/quizzes/events/QuizAnswerQuestionAnswerEvent.java,applications/quizzes/src/main/java/pt/ulisboa/tecnico/socialsoftware/quizzes/microservices/answer/service/QuizAnswerService.java:100,applications/quizzes/src/main/java/pt/ulisboa/tecnico/socialsoftware/quizzes/microservices/tournament/notification/handling/TournamentEventHandling.java:81,applications/quizzes/src/main/java/pt/ulisboa/tecnico/socialsoftware/quizzes/microservices/tournament/coordination/sagas/UpdateParticipantAnswerFunctionalitySagas.java,questionAggregateId | quizAggregateId | studentAggregateId | correct,studentAggregateId = Tournament.participant.id,not_observed,applications/quizzes/src/main/java/pt/ulisboa/tecnico/socialsoftware/quizzes/microservices/tournament/service/TournamentService.java:299,participant answer count/correctness/version updated; registerChanged if guards pass,
15,DeleteCourseExecutionEvent,Execution,tournament,RemoveCourseExecution,Execution,tournamentCourseExecution.getCourseExecutionAggregateId(),applications/quizzes/src/main/java/pt/ulisboa/tecnico/socialsoftware/quizzes/microservices/tournament/notification/subscribe/TournamentSubscribesDeleteCourseExecution.java,matching_type,included,1,natural_publication_and_delivery_in_app_test,3,0,3,verifiers/target/allocator-local-pilot-2026-09-23/family-87-map-v9/attempt-007/execution-report.json,,,,0,0,0,0,delivered_in_targeted_app_test,applications/quizzes/src/test/groovy/pt/ulisboa/tecnico/socialsoftware/quizzes/sagas/coordination/tournament/AnonymizeStudentAndSolveQuizTest.groovy | docs/verifiers-impl/evidence/quizzes-event-route-audit-2026-09-26/tests/tournament.txt,no,Natural DeleteCourseExecutionEvent delivery proved after creating a second Execution and removing all students first. The active Tournament was eligible before delivery; the persisted latest version became INACTIVE. Historical no-eligible attempts had no Tournament.,applications/quizzes/src/main/java/pt/ulisboa/tecnico/socialsoftware/quizzes/events/DeleteCourseExecutionEvent.java,applications/quizzes/src/main/java/pt/ulisboa/tecnico/socialsoftware/quizzes/microservices/execution/service/ExecutionService.java:95,applications/quizzes/src/main/java/pt/ulisboa/tecnico/socialsoftware/quizzes/microservices/tournament/notification/handling/TournamentEventHandling.java:51,applications/quizzes/src/main/java/pt/ulisboa/tecnico/socialsoftware/quizzes/microservices/tournament/coordination/sagas/RemoveCourseExecutionFunctionalitySagas.java,none beyond base Event,none,Tournament.state = INACTIVE (targeted app test; natural publication),applications/quizzes/src/main/java/pt/ulisboa/tecnico/socialsoftware/quizzes/microservices/tournament/service/TournamentService.java:218,matching Tournament INACTIVE; registerChanged if version guard passes,
16,DeleteTopicEvent,Topic,tournament,DeleteTopic,Topic,tournamentTopic.getTopicAggregateId(),applications/quizzes/src/main/java/pt/ulisboa/tecnico/socialsoftware/quizzes/microservices/tournament/notification/subscribe/TournamentSubscribesDeleteTopic.java,matching_type,included,1,delivered_in_control,1,1,0,verifiers/target/workload-expansion-2026-09-25/delete-topic-tournament-map/attempt-001/execution-report.json,false,false,true,0,1,1,0,delivered_in_recorded_control,verifiers/target/workload-expansion-2026-09-25/delete-topic-tournament-map/attempt-001/execution-report.json | applications/quizzes/src/main/java/pt/ulisboa/tecnico/socialsoftware/quizzes/microservices/tournament/service/TournamentService.java:270,no,One recorded delivery left the eligible Tournament unchanged at the evaluation horizon. TournamentService.removeTopic has its implementation commented out and returns null without registering a change.,applications/quizzes/src/main/java/pt/ulisboa/tecnico/socialsoftware/quizzes/events/DeleteTopicEvent.java,applications/quizzes/src/main/java/pt/ulisboa/tecnico/socialsoftware/quizzes/microservices/topic/service/TopicService.java:74,applications/quizzes/src/main/java/pt/ulisboa/tecnico/socialsoftware/quizzes/microservices/tournament/notification/handling/TournamentEventHandling.java:71,applications/quizzes/src/main/java/pt/ulisboa/tecnico/socialsoftware/quizzes/microservices/tournament/coordination/sagas/DeleteTopicFunctionalitySagas.java,none beyond base Event,none,none in recorded control,applications/quizzes/src/main/java/pt/ulisboa/tecnico/socialsoftware/quizzes/microservices/tournament/service/TournamentService.java:270,no effect; method body commented out; returns null,docs/verifiers-impl/evidence/quizzes-event-route-audit-2026-09-26/controls/route-16/execution-report.json
17,InvalidateQuizEvent,Quiz,tournament,InvalidateQuiz,Quiz,tournamentQuiz.getQuizAggregateId(),applications/quizzes/src/main/java/pt/ulisboa/tecnico/socialsoftware/quizzes/microservices/tournament/notification/subscribe/TournamentSubscribesInvalidateQuiz.java,matching_type,excluded_conditional_emission,0,not_measured_in_master,0,0,0,,,,,0,0,0,0,normal_source_chain_and_effect_blocker,applications/quizzes/src/main/java/pt/ulisboa/tecnico/socialsoftware/quizzes/microservices/question/service/QuestionService.java:92 | applications/quizzes/src/main/java/pt/ulisboa/tecnico/socialsoftware/quizzes/microservices/quiz/notification/subscribe/QuizSubscribesDeleteQuestion.java | applications/quizzes/src/main/java/pt/ulisboa/tecnico/socialsoftware/quizzes/microservices/tournament/service/TournamentService.java:327,no,"Normal DeleteQuestionEvent publication uses Course ID but Quiz subscribes Question ID; the normal chain cannot publish InvalidateQuizEvent. Even if manually delivered to Tournament, invalidateQuiz returns null and registers no change.",applications/quizzes/src/main/java/pt/ulisboa/tecnico/socialsoftware/quizzes/events/InvalidateQuizEvent.java,applications/quizzes/src/main/java/pt/ulisboa/tecnico/socialsoftware/quizzes/microservices/quiz/service/QuizService.java:201,applications/quizzes/src/main/java/pt/ulisboa/tecnico/socialsoftware/quizzes/microservices/tournament/notification/handling/TournamentEventHandling.java:102,applications/quizzes/src/main/java/pt/ulisboa/tecnico/socialsoftware/quizzes/microservices/tournament/coordination/sagas/InvalidateQuizFunctionalitySagas.java,none beyond base Event,none,not_observed,applications/quizzes/src/main/java/pt/ulisboa/tecnico/socialsoftware/quizzes/microservices/tournament/service/TournamentService.java:327,no effect; method body commented out; returns null,
18,DisenrollStudentFromCourseExecutionEvent,Execution,tournament,RemoveUser,Execution,tournament.getTournamentCourseExecution().getCourseExecutionAggregateId(),applications/quizzes/src/main/java/pt/ulisboa/tecnico/socialsoftware/quizzes/microservices/tournament/notification/subscribe/TournamentSubscribesDisenrollStudentFromCourseExecution.java,matching_type,included,2,natural_publication_and_delivery_in_app_test,6,0,6,verifiers/target/allocator-local-pilot-2026-09-23/family-78-map-v9/attempt-006/execution-report.json,,,,0,0,0,0,delivered_in_targeted_app_test,applications/quizzes/src/test/groovy/pt/ulisboa/tecnico/socialsoftware/quizzes/sagas/coordination/tournament/AnonymizeStudentAndSolveQuizTest.groovy | docs/verifiers-impl/evidence/quizzes-event-route-audit-2026-09-26/tests/tournament.txt,yes,Natural DisenrollStudentFromCourseExecutionEvent delivery proved for an existing Tournament participant. Persisted participant became DELETED and copied Execution version advanced to event version. Historical no-eligible attempts had no Tournament.,applications/quizzes/src/main/java/pt/ulisboa/tecnico/socialsoftware/quizzes/events/DisenrollStudentFromCourseExecutionEvent.java,applications/quizzes/src/main/java/pt/ulisboa/tecnico/socialsoftware/quizzes/microservices/execution/service/ExecutionService.java:139 | applications/quizzes/src/main/java/pt/ulisboa/tecnico/socialsoftware/quizzes/microservices/execution/service/ExecutionService.java:198,applications/quizzes/src/main/java/pt/ulisboa/tecnico/socialsoftware/quizzes/microservices/tournament/notification/handling/TournamentEventHandling.java:92,applications/quizzes/src/main/java/pt/ulisboa/tecnico/socialsoftware/quizzes/microservices/tournament/coordination/sagas/RemoveUserFunctionalitySagas.java,studentAggregateId,studentAggregateId = Tournament.creator.id OR participant.id,Tournament.participant.state = DELETED | Tournament.courseExecutionVersion = event.publisherAggregateVersion (targeted app test),applications/quizzes/src/main/java/pt/ulisboa/tecnico/socialsoftware/quizzes/microservices/tournament/service/TournamentService.java:233,creator INACTIVE and Tournament INACTIVE or participant DELETED; registerChanged,
19,UpdateStudentNameEvent,Execution,tournament,UpdateUserName,Execution,tournament.getTournamentCourseExecution().getCourseExecutionAggregateId(),applications/quizzes/src/main/java/pt/ulisboa/tecnico/socialsoftware/quizzes/microservices/tournament/notification/subscribe/TournamentSubscribesUpdateStudentName.java,matching_type,included,1,delivered_in_control,5,2,3,verifiers/target/allocator-local-pilot-2026-09-23/family-102-map-v9/attempt-038/execution-report.json,true,true,false,2,0,0,0,delivered_in_recorded_control,verifiers/target/allocator-local-pilot-2026-09-23/family-102-map-v9/attempt-038/execution-report.json,yes,,applications/quizzes/src/main/java/pt/ulisboa/tecnico/socialsoftware/quizzes/events/UpdateStudentNameEvent.java,applications/quizzes/src/main/java/pt/ulisboa/tecnico/socialsoftware/quizzes/microservices/execution/service/ExecutionService.java:181,applications/quizzes/src/main/java/pt/ulisboa/tecnico/socialsoftware/quizzes/microservices/tournament/notification/handling/TournamentEventHandling.java:108,applications/quizzes/src/main/java/pt/ulisboa/tecnico/socialsoftware/quizzes/microservices/tournament/coordination/sagas/UpdateUserNameFunctionalitySagas.java,studentAggregateId | updatedName,studentAggregateId = Tournament.creator.id OR participant.id,tournamentCourseExecution.courseExecutionVersion | tournamentParticipants[0].participantName,applications/quizzes/src/main/java/pt/ulisboa/tecnico/socialsoftware/quizzes/microservices/tournament/service/TournamentService.java:355,matching creator/participant name and Execution version updated; registerChanged,docs/verifiers-impl/evidence/quizzes-event-route-audit-2026-09-26/controls/route-19/execution-report.json
20,UpdateTopicEvent,Topic,tournament,UpdateTopic,Topic,tournamentTopic.getTopicAggregateId(),applications/quizzes/src/main/java/pt/ulisboa/tecnico/socialsoftware/quizzes/microservices/tournament/notification/subscribe/TournamentSubscribesUpdateTopic.java,matching_type,included,1,delivered_in_control,6,4,2,verifiers/target/workload-expansion-2026-09-25/story-stale-map/attempt-047/execution-report.json,true,true,true,4,0,0,0,delivered_in_recorded_control,verifiers/target/workload-expansion-2026-09-25/story-stale-map/attempt-047/execution-report.json,no,,applications/quizzes/src/main/java/pt/ulisboa/tecnico/socialsoftware/quizzes/events/UpdateTopicEvent.java,applications/quizzes/src/main/java/pt/ulisboa/tecnico/socialsoftware/quizzes/microservices/topic/service/TopicService.java:65,applications/quizzes/src/main/java/pt/ulisboa/tecnico/socialsoftware/quizzes/microservices/tournament/notification/handling/TournamentEventHandling.java:61,applications/quizzes/src/main/java/pt/ulisboa/tecnico/socialsoftware/quizzes/microservices/tournament/coordination/sagas/UpdateTopicFunctionalitySagas.java,topicName,none,tournamentTopics[0].topicName | tournamentTopics[0].topicVersion,applications/quizzes/src/main/java/pt/ulisboa/tecnico/socialsoftware/quizzes/microservices/tournament/service/TournamentService.java:255,matching TournamentTopic name/version updated; registerChanged,docs/verifiers-impl/evidence/quizzes-event-route-audit-2026-09-26/controls/route-20/execution-report.json
