workload,workloadId,strategy,seed,attempt,faultScenarioId,faultVector,status,score,executionAttemptId,terminalStatus,scheduleConformance,wallSeconds,attemptRecord,DELETED_DEPENDENCY,FAILED_OPERATION_RESIDUAL,UNRESOLVED_DELIVERED_EVENT,runnerDiagnostic,reportSourceSetupSeconds,reportPrerequisiteSetupSeconds
benchmark,435ac86830d1ad7d778abe6dd4e046f728c9f3fd695106657aa430bc2d1710fc,deterministic,,1,0fe00915b0ce5dfc100c7b9826273564e240d79f950c1fa16cfe114471d6f63b,00000,COMPLETE,0,791daa3e-d12d-403f-aa4e-b216a72b7bae,PARTIAL_COMPENSATED,DEVIATED,18.574635041004512,verifiers/target/search-baselines/run-01/benchmark/deterministic/c1/r01-0fe00915b0ce5dfc100c7b9826273564e240d79f950c1fa16cfe114471d6f63b/attempt.json,0,0,0,'sourceSetup',,1.137672167
benchmark,435ac86830d1ad7d778abe6dd4e046f728c9f3fd695106657aa430bc2d1710fc,deterministic,,2,0146d3ba78e78832b7f0519998c9c9af3ec65c24d307d53747e6d2e95bd3eee9,00001,COMPLETE,0,4a639cb6-8861-4066-96c9-ef123c1dec53,PARTIAL_COMPENSATED,EXACT,17.140861624968238,verifiers/target/search-baselines/run-01/benchmark/deterministic/c1/r02-0146d3ba78e78832b7f0519998c9c9af3ec65c24d307d53747e6d2e95bd3eee9/attempt.json,0,0,0,'sourceSetup',,1.182708292
benchmark,435ac86830d1ad7d778abe6dd4e046f728c9f3fd695106657aa430bc2d1710fc,deterministic,,3,66efce98f8bd977e95d373ee745bc5912afb5092dc817edb8c7513744e11755f,00010,COMPLETE,0,772e54cb-f007-4850-8b02-cc3886c7bec2,PARTIAL_COMPENSATED,EXACT,17.226577166991774,verifiers/target/search-baselines/run-01/benchmark/deterministic/c1/r03-66efce98f8bd977e95d373ee745bc5912afb5092dc817edb8c7513744e11755f/attempt.json,0,0,0,'sourceSetup',,1.343929793
benchmark,435ac86830d1ad7d778abe6dd4e046f728c9f3fd695106657aa430bc2d1710fc,deterministic,,4,10189e529ce20ee3ede9b6168047b44bb732fc05abef304c28e4ff64fea6439d,00100,COMPLETE,2,d93dcfdc-de80-4528-8102-61ac735a3a72,PARTIAL_COMPENSATED,EXACT,17.497415249992628,verifiers/target/search-baselines/run-01/benchmark/deterministic/c1/r04-10189e529ce20ee3ede9b6168047b44bb732fc05abef304c28e4ff64fea6439d/attempt.json,1,1,0,'sourceSetup',,1.445895125
benchmark,435ac86830d1ad7d778abe6dd4e046f728c9f3fd695106657aa430bc2d1710fc,deterministic,,5,59ef14fad2da70ef40a407f18bc78d21e8b114074b5995323f654246799b43b1,00100,COMPLETE,2,abfd2b7c-bc2b-441d-92e2-487e4819c2c7,PARTIAL_COMPENSATED,EXACT,18.162469000031706,verifiers/target/search-baselines/run-01/benchmark/deterministic/c1/r05-59ef14fad2da70ef40a407f18bc78d21e8b114074b5995323f654246799b43b1/attempt.json,1,1,0,'sourceSetup',,1.555086959
benchmark,435ac86830d1ad7d778abe6dd4e046f728c9f3fd695106657aa430bc2d1710fc,deterministic,,6,646f5d222b1163be2c960a0a62db92b6dd38177c2033a0e33cacd8ed0821c89a,00100,COMPLETE,2,650ae941-8463-4648-b0bf-17595cf30ae0,PARTIAL_COMPENSATED,EXACT,17.795507417002227,verifiers/target/search-baselines/run-01/benchmark/deterministic/c1/r06-646f5d222b1163be2c960a0a62db92b6dd38177c2033a0e33cacd8ed0821c89a/attempt.json,1,1,0,'sourceSetup',,1.179022334
benchmark,435ac86830d1ad7d778abe6dd4e046f728c9f3fd695106657aa430bc2d1710fc,deterministic,,7,82e16465a3ab633698026d814a17c464d29f6e466bae32f00b6be4c021856745,00100,COMPLETE,2,c16e7510-f29d-4be1-aa3b-a7940b8947f8,PARTIAL_COMPENSATED,EXACT,19.545333458983805,verifiers/target/search-baselines/run-01/benchmark/deterministic/c1/r07-82e16465a3ab633698026d814a17c464d29f6e466bae32f00b6be4c021856745/attempt.json,1,1,0,'sourceSetup',,1.517253168
benchmark,435ac86830d1ad7d778abe6dd4e046f728c9f3fd695106657aa430bc2d1710fc,deterministic,,8,aa8dd36929c7660168adf7cbf36b62ad59cd03e818bc2a96b107b67c167b3b58,00100,COMPLETE,2,ce171133-df4d-48ce-a71d-26786ae6bd58,PARTIAL_COMPENSATED,EXACT,18.419434167037252,verifiers/target/search-baselines/run-01/benchmark/deterministic/c1/r08-aa8dd36929c7660168adf7cbf36b62ad59cd03e818bc2a96b107b67c167b3b58/attempt.json,1,1,0,'sourceSetup',,1.613827751
benchmark,435ac86830d1ad7d778abe6dd4e046f728c9f3fd695106657aa430bc2d1710fc,deterministic,,9,fd1a9acafd2f42b6a4467a6dfbe35f08ca2ed17344ac3ccd1de9ac549994254b,00100,COMPLETE,2,12385a7c-6788-4ae2-85c9-f2cd39d47f96,PARTIAL_COMPENSATED,EXACT,19.351421958010178,verifiers/target/search-baselines/run-01/benchmark/deterministic/c1/r09-fd1a9acafd2f42b6a4467a6dfbe35f08ca2ed17344ac3ccd1de9ac549994254b/attempt.json,1,1,0,'sourceSetup',,1.590326334
benchmark,435ac86830d1ad7d778abe6dd4e046f728c9f3fd695106657aa430bc2d1710fc,deterministic,,10,16e3557d09f431179c38969c6ede2bea3206546c9f611e879f065298fb2f15bc,00101,COMPLETE,2,96f128c5-44f6-4666-8dfc-57c93fa94647,COMPENSATED,EXACT,19.169200417003594,verifiers/target/search-baselines/run-01/benchmark/deterministic/c1/r10-16e3557d09f431179c38969c6ede2bea3206546c9f611e879f065298fb2f15bc/attempt.json,1,1,0,'sourceSetup',,1.037652583
benchmark,435ac86830d1ad7d778abe6dd4e046f728c9f3fd695106657aa430bc2d1710fc,deterministic,,11,34bfe0334ff91b9a7da328b579105ff046600a44aaaf4f1a48a34c9d9372b45b,00101,COMPLETE,2,38636e9b-9a15-432f-9123-79ffc2a24620,COMPENSATED,EXACT,21.017573457967956,verifiers/target/search-baselines/run-01/benchmark/deterministic/c1/r11-34bfe0334ff91b9a7da328b579105ff046600a44aaaf4f1a48a34c9d9372b45b/attempt.json,1,1,0,'sourceSetup',,1.462233501
benchmark,435ac86830d1ad7d778abe6dd4e046f728c9f3fd695106657aa430bc2d1710fc,deterministic,,12,36d82c493cfad36764aeafa3f0b3f7fa4f052b7f0bf80710faa2fc7b0d36648b,00101,COMPLETE,2,e331cc33-c711-4e2e-9ab1-5b96d85352ec,COMPENSATED,EXACT,20.380778957973234,verifiers/target/search-baselines/run-01/benchmark/deterministic/c1/r12-36d82c493cfad36764aeafa3f0b3f7fa4f052b7f0bf80710faa2fc7b0d36648b/attempt.json,1,1,0,'sourceSetup',,1.203530251
benchmark,435ac86830d1ad7d778abe6dd4e046f728c9f3fd695106657aa430bc2d1710fc,random,11,1,8e8ba414a239b47a493598e8db79fe59791711d6fd7d8e80fde783827e4be359,10000,COMPLETE,0,055cf298-6c97-4edb-9174-ab9a7d07fa49,PARTIAL_COMPENSATED,EXACT,18.16857587499544,verifiers/target/search-baselines/run-01/benchmark/random-11/c1/r01-8e8ba414a239b47a493598e8db79fe59791711d6fd7d8e80fde783827e4be359/attempt.json,0,0,0,'sourceSetup',,1.010905542
benchmark,435ac86830d1ad7d778abe6dd4e046f728c9f3fd695106657aa430bc2d1710fc,random,11,2,16e3557d09f431179c38969c6ede2bea3206546c9f611e879f065298fb2f15bc,00101,COMPLETE,2,3e5e1c63-d84f-4d95-976d-ceffc13311e2,COMPENSATED,EXACT,16.567547417012975,verifiers/target/search-baselines/run-01/benchmark/random-11/c1/r02-16e3557d09f431179c38969c6ede2bea3206546c9f611e879f065298fb2f15bc/attempt.json,1,1,0,'sourceSetup',,1.002697084
benchmark,435ac86830d1ad7d778abe6dd4e046f728c9f3fd695106657aa430bc2d1710fc,random,11,3,6363dadb237dc061e28d17433cf19a8a971f39d11d9cbf3f3b123bac8639ff01,00101,COMPLETE,2,f16dc5e5-338f-488e-b663-3fe2cbf41874,COMPENSATED,EXACT,17.050081708992366,verifiers/target/search-baselines/run-01/benchmark/random-11/c1/r03-6363dadb237dc061e28d17433cf19a8a971f39d11d9cbf3f3b123bac8639ff01/attempt.json,1,1,0,'sourceSetup',,1.072838251
benchmark,435ac86830d1ad7d778abe6dd4e046f728c9f3fd695106657aa430bc2d1710fc,random,11,4,36d82c493cfad36764aeafa3f0b3f7fa4f052b7f0bf80710faa2fc7b0d36648b,00101,COMPLETE,2,c7e24dee-3fa2-4e21-a763-9e4c646cfecc,COMPENSATED,EXACT,17.25837275001686,verifiers/target/search-baselines/run-01/benchmark/random-11/c1/r04-36d82c493cfad36764aeafa3f0b3f7fa4f052b7f0bf80710faa2fc7b0d36648b/attempt.json,1,1,0,'sourceSetup',,1.0761345
benchmark,435ac86830d1ad7d778abe6dd4e046f728c9f3fd695106657aa430bc2d1710fc,random,11,5,a021b10b677b60c75a05aa9b014e70b66f7a08a3f8f505ecf1cdd3d9985da2c1,00101,COMPLETE,2,b8bfc9ea-c408-46cf-bb9a-e2ffa6c4e1ff,COMPENSATED,EXACT,18.430740542011335,verifiers/target/search-baselines/run-01/benchmark/random-11/c1/r05-a021b10b677b60c75a05aa9b014e70b66f7a08a3f8f505ecf1cdd3d9985da2c1/attempt.json,1,1,0,'sourceSetup',,1.01822375
benchmark,435ac86830d1ad7d778abe6dd4e046f728c9f3fd695106657aa430bc2d1710fc,random,11,6,34bfe0334ff91b9a7da328b579105ff046600a44aaaf4f1a48a34c9d9372b45b,00101,COMPLETE,2,ac0bceaf-4464-4188-9203-8b20a99a287f,COMPENSATED,EXACT,17.50550829200074,verifiers/target/search-baselines/run-01/benchmark/random-11/c1/r06-34bfe0334ff91b9a7da328b579105ff046600a44aaaf4f1a48a34c9d9372b45b/attempt.json,1,1,0,'sourceSetup',,0.9251085
benchmark,435ac86830d1ad7d778abe6dd4e046f728c9f3fd695106657aa430bc2d1710fc,random,11,7,8873c9fb8b5d7ea2db99a6a5053b8c2355444b15987995f67e9e274b7f84a0ff,01001,COMPLETE,0,950927ff-5d8d-4e96-9517-24e270989ffe,COMPENSATED,EXACT,19.850133917003404,verifiers/target/search-baselines/run-01/benchmark/random-11/c1/r07-8873c9fb8b5d7ea2db99a6a5053b8c2355444b15987995f67e9e274b7f84a0ff/attempt.json,0,0,0,'sourceSetup',,1.127319209
benchmark,435ac86830d1ad7d778abe6dd4e046f728c9f3fd695106657aa430bc2d1710fc,random,11,8,fc1a7626403c503b518283cf03172ecd6bb56277dcc5265b1f9b829c70deda4d,01001,COMPLETE,0,6e93a368-0454-4c62-aa78-4c9464b5df74,COMPENSATED,EXACT,17.78028141701361,verifiers/target/search-baselines/run-01/benchmark/random-11/c1/r08-fc1a7626403c503b518283cf03172ecd6bb56277dcc5265b1f9b829c70deda4d/attempt.json,0,0,0,'sourceSetup',,1.084538459
benchmark,435ac86830d1ad7d778abe6dd4e046f728c9f3fd695106657aa430bc2d1710fc,random,11,9,cf0454f78cd21504cda49ddbe02af6e53e0d74a003660adb7636c5f2774c1b26,01000,COMPLETE,0,082b690f-decc-4d7f-b558-9f5a558b75f0,PARTIAL_COMPENSATED,EXACT,19.909592125040945,verifiers/target/search-baselines/run-01/benchmark/random-11/c1/r09-cf0454f78cd21504cda49ddbe02af6e53e0d74a003660adb7636c5f2774c1b26/attempt.json,0,0,0,'sourceSetup',,1.288014959
benchmark,435ac86830d1ad7d778abe6dd4e046f728c9f3fd695106657aa430bc2d1710fc,random,11,10,0fe00915b0ce5dfc100c7b9826273564e240d79f950c1fa16cfe114471d6f63b,00000,COMPLETE,0,08bea1a6-98d2-42aa-9d7d-5c51a23f591e,PARTIAL_COMPENSATED,DEVIATED,21.629791083047166,verifiers/target/search-baselines/run-01/benchmark/random-11/c1/r10-0fe00915b0ce5dfc100c7b9826273564e240d79f950c1fa16cfe114471d6f63b/attempt.json,0,0,0,'sourceSetup',,1.432828334
benchmark,435ac86830d1ad7d778abe6dd4e046f728c9f3fd695106657aa430bc2d1710fc,random,11,11,fd1a9acafd2f42b6a4467a6dfbe35f08ca2ed17344ac3ccd1de9ac549994254b,00100,COMPLETE,2,884aeed8-c0f0-4b3e-ab6d-7f3ffaf233a9,PARTIAL_COMPENSATED,EXACT,20.967382958042435,verifiers/target/search-baselines/run-01/benchmark/random-11/c1/r11-fd1a9acafd2f42b6a4467a6dfbe35f08ca2ed17344ac3ccd1de9ac549994254b/attempt.json,1,1,0,'sourceSetup',,1.659328543
benchmark,435ac86830d1ad7d778abe6dd4e046f728c9f3fd695106657aa430bc2d1710fc,random,11,12,0146d3ba78e78832b7f0519998c9c9af3ec65c24d307d53747e6d2e95bd3eee9,00001,COMPLETE,0,a89603a1-aa16-48c2-b72b-c5515d120488,PARTIAL_COMPENSATED,EXACT,21.178358625038527,verifiers/target/search-baselines/run-01/benchmark/random-11/c1/r12-0146d3ba78e78832b7f0519998c9c9af3ec65c24d307d53747e6d2e95bd3eee9/attempt.json,0,0,0,'sourceSetup',,1.880072042
benchmark,435ac86830d1ad7d778abe6dd4e046f728c9f3fd695106657aa430bc2d1710fc,random,29,1,d49fc103ab34768c63956bd10a204d557308207bf5134eb30a3e416118917bf8,01001,COMPLETE,0,fd232b10-22ba-4aa3-9f9d-b21bb6c0fc35,COMPENSATED,EXACT,21.868758916971274,verifiers/target/search-baselines/run-01/benchmark/random-29/c1/r01-d49fc103ab34768c63956bd10a204d557308207bf5134eb30a3e416118917bf8/attempt.json,0,0,0,'sourceSetup',,1.198340709
benchmark,435ac86830d1ad7d778abe6dd4e046f728c9f3fd695106657aa430bc2d1710fc,random,29,2,bad032db214a1f6014dc3ae7a89bb3b953d1ce5b76c95d73f51b9b90d523419f,10010,COMPLETE,0,8b7586ea-2e20-47f9-8111-40376c54f232,COMPENSATED,EXACT,22.432125333987642,verifiers/target/search-baselines/run-01/benchmark/random-29/c1/r02-bad032db214a1f6014dc3ae7a89bb3b953d1ce5b76c95d73f51b9b90d523419f/attempt.json,0,0,0,'sourceSetup',,1.3069925
benchmark,435ac86830d1ad7d778abe6dd4e046f728c9f3fd695106657aa430bc2d1710fc,random,29,3,fd1a9acafd2f42b6a4467a6dfbe35f08ca2ed17344ac3ccd1de9ac549994254b,00100,COMPLETE,2,fada837b-8dad-4389-8d12-8c9041da41b0,PARTIAL_COMPENSATED,EXACT,20.53228745801607,verifiers/target/search-baselines/run-01/benchmark/random-29/c1/r03-fd1a9acafd2f42b6a4467a6dfbe35f08ca2ed17344ac3ccd1de9ac549994254b/attempt.json,1,1,0,'sourceSetup',,1.269309084
benchmark,435ac86830d1ad7d778abe6dd4e046f728c9f3fd695106657aa430bc2d1710fc,random,29,4,fc1a7626403c503b518283cf03172ecd6bb56277dcc5265b1f9b829c70deda4d,01001,COMPLETE,0,2031a5b1-2596-4b48-98f9-979cd5dbf013,COMPENSATED,EXACT,22.471579125034623,verifiers/target/search-baselines/run-01/benchmark/random-29/c1/r04-fc1a7626403c503b518283cf03172ecd6bb56277dcc5265b1f9b829c70deda4d/attempt.json,0,0,0,'sourceSetup',,1.246489459
benchmark,435ac86830d1ad7d778abe6dd4e046f728c9f3fd695106657aa430bc2d1710fc,random,29,5,cf0454f78cd21504cda49ddbe02af6e53e0d74a003660adb7636c5f2774c1b26,01000,COMPLETE,0,e84ba5b2-7799-4ff7-853a-a9510b20190c,PARTIAL_COMPENSATED,EXACT,22.814462709007785,verifiers/target/search-baselines/run-01/benchmark/random-29/c1/r05-cf0454f78cd21504cda49ddbe02af6e53e0d74a003660adb7636c5f2774c1b26/attempt.json,0,0,0,'sourceSetup',,2.091732375
benchmark,435ac86830d1ad7d778abe6dd4e046f728c9f3fd695106657aa430bc2d1710fc,random,29,6,82e16465a3ab633698026d814a17c464d29f6e466bae32f00b6be4c021856745,00100,COMPLETE,2,7b2db0c9-6f10-4b49-a6cc-bc5b30f34275,PARTIAL_COMPENSATED,EXACT,20.823611375002656,verifiers/target/search-baselines/run-01/benchmark/random-29/c1/r06-82e16465a3ab633698026d814a17c464d29f6e466bae32f00b6be4c021856745/attempt.json,1,1,0,'sourceSetup',,1.349888876
benchmark,435ac86830d1ad7d778abe6dd4e046f728c9f3fd695106657aa430bc2d1710fc,random,29,7,59ef14fad2da70ef40a407f18bc78d21e8b114074b5995323f654246799b43b1,00100,COMPLETE,2,138d1d24-6280-4795-97f4-2c5aa9625043,PARTIAL_COMPENSATED,EXACT,22.158675167011097,verifiers/target/search-baselines/run-01/benchmark/random-29/c1/r07-59ef14fad2da70ef40a407f18bc78d21e8b114074b5995323f654246799b43b1/attempt.json,1,1,0,'sourceSetup',,1.177200917
benchmark,435ac86830d1ad7d778abe6dd4e046f728c9f3fd695106657aa430bc2d1710fc,random,29,8,681f734146ec9a63a9dad1b922db1f60f209a18005257a200f3a10ee1c818897,01010,COMPLETE,0,2f479f3a-353e-4975-8c4c-9dac20c4f827,COMPENSATED,EXACT,22.68026141700102,verifiers/target/search-baselines/run-01/benchmark/random-29/c1/r08-681f734146ec9a63a9dad1b922db1f60f209a18005257a200f3a10ee1c818897/attempt.json,0,0,0,'sourceSetup',,1.310543875
benchmark,435ac86830d1ad7d778abe6dd4e046f728c9f3fd695106657aa430bc2d1710fc,random,29,9,e8f09075302bfda868a3cc97fe169652cfcc6f488433fa7eca493becaae85cd3,00101,COMPLETE,2,f902240e-3ee8-4acc-99d0-2b8788f651f6,COMPENSATED,EXACT,23.55054349999409,verifiers/target/search-baselines/run-01/benchmark/random-29/c1/r09-e8f09075302bfda868a3cc97fe169652cfcc6f488433fa7eca493becaae85cd3/attempt.json,1,1,0,'sourceSetup',,1.232314375
benchmark,435ac86830d1ad7d778abe6dd4e046f728c9f3fd695106657aa430bc2d1710fc,random,29,10,8873c9fb8b5d7ea2db99a6a5053b8c2355444b15987995f67e9e274b7f84a0ff,01001,COMPLETE,0,87c28166-fa7c-481f-9dff-c74bae2b6c65,COMPENSATED,EXACT,25.431215707969386,verifiers/target/search-baselines/run-01/benchmark/random-29/c1/r10-8873c9fb8b5d7ea2db99a6a5053b8c2355444b15987995f67e9e274b7f84a0ff/attempt.json,0,0,0,'sourceSetup',,2.287892918
benchmark,435ac86830d1ad7d778abe6dd4e046f728c9f3fd695106657aa430bc2d1710fc,random,29,11,646f5d222b1163be2c960a0a62db92b6dd38177c2033a0e33cacd8ed0821c89a,00100,COMPLETE,2,7f71f9e8-90a2-4911-bc33-46b4e5666a20,PARTIAL_COMPENSATED,EXACT,22.73159062495688,verifiers/target/search-baselines/run-01/benchmark/random-29/c1/r11-646f5d222b1163be2c960a0a62db92b6dd38177c2033a0e33cacd8ed0821c89a/attempt.json,1,1,0,'sourceSetup',,1.862082293
benchmark,435ac86830d1ad7d778abe6dd4e046f728c9f3fd695106657aa430bc2d1710fc,random,29,12,3d63089cd85c05cb3c3c140805530d21e4d0ac0d6fb16c6ff65a60c6bfb5f386,00110,COMPLETE,2,6f3a4fdc-d68f-4352-a09a-440644819e07,COMPENSATED,EXACT,23.644402000005357,verifiers/target/search-baselines/run-01/benchmark/random-29/c1/r12-3d63089cd85c05cb3c3c140805530d21e4d0ac0d6fb16c6ff65a60c6bfb5f386/attempt.json,1,1,0,'sourceSetup',,2.129874585
benchmark,435ac86830d1ad7d778abe6dd4e046f728c9f3fd695106657aa430bc2d1710fc,random,47,1,10189e529ce20ee3ede9b6168047b44bb732fc05abef304c28e4ff64fea6439d,00100,COMPLETE,2,79204047-3f9e-4af4-9c16-f6497243cc32,PARTIAL_COMPENSATED,EXACT,20.81587191601284,verifiers/target/search-baselines/run-01/benchmark/random-47/c1/r01-10189e529ce20ee3ede9b6168047b44bb732fc05abef304c28e4ff64fea6439d/attempt.json,1,1,0,'sourceSetup',,1.207810792
benchmark,435ac86830d1ad7d778abe6dd4e046f728c9f3fd695106657aa430bc2d1710fc,random,47,2,16e3557d09f431179c38969c6ede2bea3206546c9f611e879f065298fb2f15bc,00101,COMPLETE,2,b312f4f6-2e56-4618-bec1-c522f7ddb063,COMPENSATED,EXACT,22.495296208013315,verifiers/target/search-baselines/run-01/benchmark/random-47/c1/r02-16e3557d09f431179c38969c6ede2bea3206546c9f611e879f065298fb2f15bc/attempt.json,1,1,0,'sourceSetup',,1.374362792
benchmark,435ac86830d1ad7d778abe6dd4e046f728c9f3fd695106657aa430bc2d1710fc,random,47,3,d49fc103ab34768c63956bd10a204d557308207bf5134eb30a3e416118917bf8,01001,COMPLETE,0,ff398693-8bfe-412e-a7c2-bd1b383dbf0f,COMPENSATED,EXACT,21.008762957993895,verifiers/target/search-baselines/run-01/benchmark/random-47/c1/r03-d49fc103ab34768c63956bd10a204d557308207bf5134eb30a3e416118917bf8/attempt.json,0,0,0,'sourceSetup',,1.833745501
benchmark,435ac86830d1ad7d778abe6dd4e046f728c9f3fd695106657aa430bc2d1710fc,random,47,4,a5c31d201c7c9bdaad2ab31e0d77ea0c99f83b7488a815d4f4c540094c0731de,10001,COMPLETE,0,f65058eb-9a1f-40a9-80ad-b4f5f03c3775,COMPENSATED,EXACT,20.08287574996939,verifiers/target/search-baselines/run-01/benchmark/random-47/c1/r04-a5c31d201c7c9bdaad2ab31e0d77ea0c99f83b7488a815d4f4c540094c0731de/attempt.json,0,0,0,'sourceSetup',,1.195318875
benchmark,435ac86830d1ad7d778abe6dd4e046f728c9f3fd695106657aa430bc2d1710fc,random,47,5,fc1a7626403c503b518283cf03172ecd6bb56277dcc5265b1f9b829c70deda4d,01001,COMPLETE,0,1c0f02b9-7158-4528-9311-d26a8b9f19c5,COMPENSATED,EXACT,22.287793833995238,verifiers/target/search-baselines/run-01/benchmark/random-47/c1/r05-fc1a7626403c503b518283cf03172ecd6bb56277dcc5265b1f9b829c70deda4d/attempt.json,0,0,0,'sourceSetup',,1.414888916
benchmark,435ac86830d1ad7d778abe6dd4e046f728c9f3fd695106657aa430bc2d1710fc,random,47,6,bad032db214a1f6014dc3ae7a89bb3b953d1ce5b76c95d73f51b9b90d523419f,10010,COMPLETE,0,1e272b04-0dca-427c-842b-e610f71a4f3f,COMPENSATED,EXACT,23.51296458399156,verifiers/target/search-baselines/run-01/benchmark/random-47/c1/r06-bad032db214a1f6014dc3ae7a89bb3b953d1ce5b76c95d73f51b9b90d523419f/attempt.json,0,0,0,'sourceSetup',,1.833085084
benchmark,435ac86830d1ad7d778abe6dd4e046f728c9f3fd695106657aa430bc2d1710fc,random,47,7,681f734146ec9a63a9dad1b922db1f60f209a18005257a200f3a10ee1c818897,01010,COMPLETE,0,289e6bdf-3e5e-4938-b7b6-54d06f1e95a9,COMPENSATED,EXACT,22.25426466600038,verifiers/target/search-baselines/run-01/benchmark/random-47/c1/r07-681f734146ec9a63a9dad1b922db1f60f209a18005257a200f3a10ee1c818897/attempt.json,0,0,0,'sourceSetup',,1.641712459
benchmark,435ac86830d1ad7d778abe6dd4e046f728c9f3fd695106657aa430bc2d1710fc,random,47,8,82e16465a3ab633698026d814a17c464d29f6e466bae32f00b6be4c021856745,00100,COMPLETE,2,b46cfdc4-07b0-41f0-a345-8f631c67f195,PARTIAL_COMPENSATED,EXACT,22.906146667024586,verifiers/target/search-baselines/run-01/benchmark/random-47/c1/r08-82e16465a3ab633698026d814a17c464d29f6e466bae32f00b6be4c021856745/attempt.json,1,1,0,'sourceSetup',,1.787831876
benchmark,435ac86830d1ad7d778abe6dd4e046f728c9f3fd695106657aa430bc2d1710fc,random,47,9,646f5d222b1163be2c960a0a62db92b6dd38177c2033a0e33cacd8ed0821c89a,00100,COMPLETE,2,e40b701e-8f01-45cb-a5c5-a3532fd95082,PARTIAL_COMPENSATED,EXACT,22.68865862500388,verifiers/target/search-baselines/run-01/benchmark/random-47/c1/r09-646f5d222b1163be2c960a0a62db92b6dd38177c2033a0e33cacd8ed0821c89a/attempt.json,1,1,0,'sourceSetup',,1.295052001
benchmark,435ac86830d1ad7d778abe6dd4e046f728c9f3fd695106657aa430bc2d1710fc,random,47,10,cf0454f78cd21504cda49ddbe02af6e53e0d74a003660adb7636c5f2774c1b26,01000,COMPLETE,0,8f2759f2-a40c-41fd-a5e3-57a3cd2c9d8f,PARTIAL_COMPENSATED,EXACT,22.30522212496726,verifiers/target/search-baselines/run-01/benchmark/random-47/c1/r10-cf0454f78cd21504cda49ddbe02af6e53e0d74a003660adb7636c5f2774c1b26/attempt.json,0,0,0,'sourceSetup',,1.402989042
benchmark,435ac86830d1ad7d778abe6dd4e046f728c9f3fd695106657aa430bc2d1710fc,random,47,11,8873c9fb8b5d7ea2db99a6a5053b8c2355444b15987995f67e9e274b7f84a0ff,01001,COMPLETE,0,07fae1d2-cd14-4c16-bb83-d77416c01a84,COMPENSATED,EXACT,23.55093470902648,verifiers/target/search-baselines/run-01/benchmark/random-47/c1/r11-8873c9fb8b5d7ea2db99a6a5053b8c2355444b15987995f67e9e274b7f84a0ff/attempt.json,0,0,0,'sourceSetup',,1.267436584
benchmark,435ac86830d1ad7d778abe6dd4e046f728c9f3fd695106657aa430bc2d1710fc,random,47,12,aa8dd36929c7660168adf7cbf36b62ad59cd03e818bc2a96b107b67c167b3b58,00100,COMPLETE,2,b83d7825-3e8c-4b5e-b00f-2a00656868fc,PARTIAL_COMPENSATED,EXACT,23.699033249984495,verifiers/target/search-baselines/run-01/benchmark/random-47/c1/r12-aa8dd36929c7660168adf7cbf36b62ad59cd03e818bc2a96b107b67c167b3b58/attempt.json,1,1,0,'sourceSetup',,1.537909542
benchmark,435ac86830d1ad7d778abe6dd4e046f728c9f3fd695106657aa430bc2d1710fc,random,71,1,3d63089cd85c05cb3c3c140805530d21e4d0ac0d6fb16c6ff65a60c6bfb5f386,00110,COMPLETE,2,b9c20f64-0a29-4de1-8ce2-b69d9a6c7c34,COMPENSATED,EXACT,23.37598504195921,verifiers/target/search-baselines/run-01/benchmark/random-71/c1/r01-3d63089cd85c05cb3c3c140805530d21e4d0ac0d6fb16c6ff65a60c6bfb5f386/attempt.json,1,1,0,'sourceSetup',,1.280612668
benchmark,435ac86830d1ad7d778abe6dd4e046f728c9f3fd695106657aa430bc2d1710fc,random,71,2,d49fc103ab34768c63956bd10a204d557308207bf5134eb30a3e416118917bf8,01001,COMPLETE,0,737cb8e9-c22d-4651-a25e-4261860dc46b,COMPENSATED,EXACT,22.480923958995845,verifiers/target/search-baselines/run-01/benchmark/random-71/c1/r02-d49fc103ab34768c63956bd10a204d557308207bf5134eb30a3e416118917bf8/attempt.json,0,0,0,'sourceSetup',,1.256550917
benchmark,435ac86830d1ad7d778abe6dd4e046f728c9f3fd695106657aa430bc2d1710fc,random,71,3,10189e529ce20ee3ede9b6168047b44bb732fc05abef304c28e4ff64fea6439d,00100,COMPLETE,2,409df821-6cb4-4387-9ca5-0cb7ba43a861,PARTIAL_COMPENSATED,EXACT,24.896298374980688,verifiers/target/search-baselines/run-01/benchmark/random-71/c1/r03-10189e529ce20ee3ede9b6168047b44bb732fc05abef304c28e4ff64fea6439d/attempt.json,1,1,0,'sourceSetup',,1.407636834
benchmark,435ac86830d1ad7d778abe6dd4e046f728c9f3fd695106657aa430bc2d1710fc,random,71,4,6363dadb237dc061e28d17433cf19a8a971f39d11d9cbf3f3b123bac8639ff01,00101,COMPLETE,2,46e946bc-a0ad-434d-9945-180189b4e92e,COMPENSATED,EXACT,27.78752141597215,verifiers/target/search-baselines/run-01/benchmark/random-71/c1/r04-6363dadb237dc061e28d17433cf19a8a971f39d11d9cbf3f3b123bac8639ff01/attempt.json,1,1,0,'sourceSetup',,2.079689751
benchmark,435ac86830d1ad7d778abe6dd4e046f728c9f3fd695106657aa430bc2d1710fc,random,71,5,a021b10b677b60c75a05aa9b014e70b66f7a08a3f8f505ecf1cdd3d9985da2c1,00101,COMPLETE,2,20f4d4eb-1017-476d-824a-7a239e9f51b1,COMPENSATED,EXACT,25.592916666995734,verifiers/target/search-baselines/run-01/benchmark/random-71/c1/r05-a021b10b677b60c75a05aa9b014e70b66f7a08a3f8f505ecf1cdd3d9985da2c1/attempt.json,1,1,0,'sourceSetup',,2.551228751
benchmark,435ac86830d1ad7d778abe6dd4e046f728c9f3fd695106657aa430bc2d1710fc,random,71,6,c598527b68d3c9e4c36cbdc24eab73d8f1131fa5c82f6df70b627c66332063ec,00110,COMPLETE,2,3a68ef3c-0643-41d7-95fb-5a7c65df2370,COMPENSATED,EXACT,25.210517750005238,verifiers/target/search-baselines/run-01/benchmark/random-71/c1/r06-c598527b68d3c9e4c36cbdc24eab73d8f1131fa5c82f6df70b627c66332063ec/attempt.json,1,1,0,'sourceSetup',,1.46213925
benchmark,435ac86830d1ad7d778abe6dd4e046f728c9f3fd695106657aa430bc2d1710fc,random,71,7,16e3557d09f431179c38969c6ede2bea3206546c9f611e879f065298fb2f15bc,00101,COMPLETE,2,a98f61db-1a28-4dec-831a-6875c670be9f,COMPENSATED,EXACT,26.053497459040955,verifiers/target/search-baselines/run-01/benchmark/random-71/c1/r07-16e3557d09f431179c38969c6ede2bea3206546c9f611e879f065298fb2f15bc/attempt.json,1,1,0,'sourceSetup',,1.913291042
benchmark,435ac86830d1ad7d778abe6dd4e046f728c9f3fd695106657aa430bc2d1710fc,random,71,8,bad032db214a1f6014dc3ae7a89bb3b953d1ce5b76c95d73f51b9b90d523419f,10010,COMPLETE,0,1bc0943a-21bb-4094-b961-2b56831f0f8c,COMPENSATED,EXACT,25.116799958981574,verifiers/target/search-baselines/run-01/benchmark/random-71/c1/r08-bad032db214a1f6014dc3ae7a89bb3b953d1ce5b76c95d73f51b9b90d523419f/attempt.json,0,0,0,'sourceSetup',,1.698769334
benchmark,435ac86830d1ad7d778abe6dd4e046f728c9f3fd695106657aa430bc2d1710fc,random,71,9,8e8ba414a239b47a493598e8db79fe59791711d6fd7d8e80fde783827e4be359,10000,COMPLETE,0,889aabbe-ca68-403a-9159-e5e322cdcdf8,PARTIAL_COMPENSATED,EXACT,24.387161540973466,verifiers/target/search-baselines/run-01/benchmark/random-71/c1/r09-8e8ba414a239b47a493598e8db79fe59791711d6fd7d8e80fde783827e4be359/attempt.json,0,0,0,'sourceSetup',,1.833839418
benchmark,435ac86830d1ad7d778abe6dd4e046f728c9f3fd695106657aa430bc2d1710fc,random,71,10,aa8dd36929c7660168adf7cbf36b62ad59cd03e818bc2a96b107b67c167b3b58,00100,COMPLETE,2,50a37a74-ae0c-4168-a1cb-7247c5b8369e,PARTIAL_COMPENSATED,EXACT,23.348176792031154,verifiers/target/search-baselines/run-01/benchmark/random-71/c1/r10-aa8dd36929c7660168adf7cbf36b62ad59cd03e818bc2a96b107b67c167b3b58/attempt.json,1,1,0,'sourceSetup',,1.292157043
benchmark,435ac86830d1ad7d778abe6dd4e046f728c9f3fd695106657aa430bc2d1710fc,random,71,11,646f5d222b1163be2c960a0a62db92b6dd38177c2033a0e33cacd8ed0821c89a,00100,COMPLETE,2,89d6b152-75e8-42ac-8620-c03c06dae888,PARTIAL_COMPENSATED,EXACT,25.829487750015687,verifiers/target/search-baselines/run-01/benchmark/random-71/c1/r11-646f5d222b1163be2c960a0a62db92b6dd38177c2033a0e33cacd8ed0821c89a/attempt.json,1,1,0,'sourceSetup',,1.582852668
benchmark,435ac86830d1ad7d778abe6dd4e046f728c9f3fd695106657aa430bc2d1710fc,random,71,12,e8f09075302bfda868a3cc97fe169652cfcc6f488433fa7eca493becaae85cd3,00101,COMPLETE,2,8c234535-84a8-406b-8863-9648c458165c,COMPENSATED,EXACT,23.601507249986753,verifiers/target/search-baselines/run-01/benchmark/random-71/c1/r12-e8f09075302bfda868a3cc97fe169652cfcc6f488433fa7eca493becaae85cd3/attempt.json,1,1,0,'sourceSetup',,1.412097417
benchmark,435ac86830d1ad7d778abe6dd4e046f728c9f3fd695106657aa430bc2d1710fc,random,101,1,0fe00915b0ce5dfc100c7b9826273564e240d79f950c1fa16cfe114471d6f63b,00000,COMPLETE,0,c4df9dd2-977f-4bff-adba-9fd39a9e055e,PARTIAL_COMPENSATED,DEVIATED,23.214302040985785,verifiers/target/search-baselines/run-01/benchmark/random-101/c1/r01-0fe00915b0ce5dfc100c7b9826273564e240d79f950c1fa16cfe114471d6f63b/attempt.json,0,0,0,'sourceSetup',,1.604385042
benchmark,435ac86830d1ad7d778abe6dd4e046f728c9f3fd695106657aa430bc2d1710fc,random,101,2,fc1a7626403c503b518283cf03172ecd6bb56277dcc5265b1f9b829c70deda4d,01001,COMPLETE,0,98fab123-4b5a-4f49-9209-c2bfcade1ab2,COMPENSATED,EXACT,22.824974790972192,verifiers/target/search-baselines/run-01/benchmark/random-101/c1/r02-fc1a7626403c503b518283cf03172ecd6bb56277dcc5265b1f9b829c70deda4d/attempt.json,0,0,0,'sourceSetup',,1.773941042
benchmark,435ac86830d1ad7d778abe6dd4e046f728c9f3fd695106657aa430bc2d1710fc,random,101,3,34bfe0334ff91b9a7da328b579105ff046600a44aaaf4f1a48a34c9d9372b45b,00101,COMPLETE,2,7a766cfb-bb9d-4bd6-840f-3df104986027,COMPENSATED,EXACT,25.144567791954614,verifiers/target/search-baselines/run-01/benchmark/random-101/c1/r03-34bfe0334ff91b9a7da328b579105ff046600a44aaaf4f1a48a34c9d9372b45b/attempt.json,1,1,0,'sourceSetup',,2.002908042
benchmark,435ac86830d1ad7d778abe6dd4e046f728c9f3fd695106657aa430bc2d1710fc,random,101,4,fd1a9acafd2f42b6a4467a6dfbe35f08ca2ed17344ac3ccd1de9ac549994254b,00100,COMPLETE,2,bbfcc2c8-e296-482d-af34-632b9978b5b5,PARTIAL_COMPENSATED,EXACT,24.06421808397863,verifiers/target/search-baselines/run-01/benchmark/random-101/c1/r04-fd1a9acafd2f42b6a4467a6dfbe35f08ca2ed17344ac3ccd1de9ac549994254b/attempt.json,1,1,0,'sourceSetup',,1.564490959
benchmark,435ac86830d1ad7d778abe6dd4e046f728c9f3fd695106657aa430bc2d1710fc,random,101,5,f002a127255ca13079d1b3a80c2d6a027ae66afa52344a4ebf64b66fb15c5be3,01010,COMPLETE,0,26bc914c-fbb3-4260-a5d3-ff98d307ce10,COMPENSATED,EXACT,25.05429387500044,verifiers/target/search-baselines/run-01/benchmark/random-101/c1/r05-f002a127255ca13079d1b3a80c2d6a027ae66afa52344a4ebf64b66fb15c5be3/attempt.json,0,0,0,'sourceSetup',,1.677609209
benchmark,435ac86830d1ad7d778abe6dd4e046f728c9f3fd695106657aa430bc2d1710fc,random,101,6,681f734146ec9a63a9dad1b922db1f60f209a18005257a200f3a10ee1c818897,01010,COMPLETE,0,5f6d43e6-5c79-43a0-8405-8953f6b862e1,COMPENSATED,EXACT,29.186754459049553,verifiers/target/search-baselines/run-01/benchmark/random-101/c1/r06-681f734146ec9a63a9dad1b922db1f60f209a18005257a200f3a10ee1c818897/attempt.json,0,0,0,'sourceSetup',,2.024399959
benchmark,435ac86830d1ad7d778abe6dd4e046f728c9f3fd695106657aa430bc2d1710fc,random,101,7,cf0454f78cd21504cda49ddbe02af6e53e0d74a003660adb7636c5f2774c1b26,01000,COMPLETE,0,df278c49-2e5d-4e59-907d-4c5b7e65d680,PARTIAL_COMPENSATED,EXACT,23.109817999997176,verifiers/target/search-baselines/run-01/benchmark/random-101/c1/r07-cf0454f78cd21504cda49ddbe02af6e53e0d74a003660adb7636c5f2774c1b26/attempt.json,0,0,0,'sourceSetup',,1.416870959
benchmark,435ac86830d1ad7d778abe6dd4e046f728c9f3fd695106657aa430bc2d1710fc,random,101,8,a021b10b677b60c75a05aa9b014e70b66f7a08a3f8f505ecf1cdd3d9985da2c1,00101,COMPLETE,2,4c0f2399-97b5-4a1e-925b-84abd37d74bb,COMPENSATED,EXACT,25.272115832951386,verifiers/target/search-baselines/run-01/benchmark/random-101/c1/r08-a021b10b677b60c75a05aa9b014e70b66f7a08a3f8f505ecf1cdd3d9985da2c1/attempt.json,1,1,0,'sourceSetup',,1.320832667
benchmark,435ac86830d1ad7d778abe6dd4e046f728c9f3fd695106657aa430bc2d1710fc,random,101,9,6363dadb237dc061e28d17433cf19a8a971f39d11d9cbf3f3b123bac8639ff01,00101,COMPLETE,2,ca2b9c98-2e2b-42c2-bdf6-266b1367763c,COMPENSATED,EXACT,24.177739209029824,verifiers/target/search-baselines/run-01/benchmark/random-101/c1/r09-6363dadb237dc061e28d17433cf19a8a971f39d11d9cbf3f3b123bac8639ff01/attempt.json,1,1,0,'sourceSetup',,1.496403209
benchmark,435ac86830d1ad7d778abe6dd4e046f728c9f3fd695106657aa430bc2d1710fc,random,101,10,66efce98f8bd977e95d373ee745bc5912afb5092dc817edb8c7513744e11755f,00010,COMPLETE,0,fd156ac0-9074-4345-a72d-24be3c7dbfac,PARTIAL_COMPENSATED,EXACT,26.623041457962245,verifiers/target/search-baselines/run-01/benchmark/random-101/c1/r10-66efce98f8bd977e95d373ee745bc5912afb5092dc817edb8c7513744e11755f/attempt.json,0,0,0,'sourceSetup',,2.102308417
benchmark,435ac86830d1ad7d778abe6dd4e046f728c9f3fd695106657aa430bc2d1710fc,random,101,11,10189e529ce20ee3ede9b6168047b44bb732fc05abef304c28e4ff64fea6439d,00100,COMPLETE,2,a7d309f9-3702-4906-82e9-65aed119f997,PARTIAL_COMPENSATED,EXACT,24.84584550000727,verifiers/target/search-baselines/run-01/benchmark/random-101/c1/r11-10189e529ce20ee3ede9b6168047b44bb732fc05abef304c28e4ff64fea6439d/attempt.json,1,1,0,'sourceSetup',,1.444342168
benchmark,435ac86830d1ad7d778abe6dd4e046f728c9f3fd695106657aa430bc2d1710fc,random,101,12,59ef14fad2da70ef40a407f18bc78d21e8b114074b5995323f654246799b43b1,00100,COMPLETE,2,4cba63b0-09f7-4a36-b85a-cbeb4bb64e65,PARTIAL_COMPENSATED,EXACT,24.617397207999602,verifiers/target/search-baselines/run-01/benchmark/random-101/c1/r12-59ef14fad2da70ef40a407f18bc78d21e8b114074b5995323f654246799b43b1/attempt.json,1,1,0,'sourceSetup',,2.029244209
create-quiz,a8aa42c2fc0d5b41eb5e644a6fda8fbcba2ff3b199223cc549106b5ef896e5c7,deterministic,,1,5b2b66bcdaa1aebdbf5ac10f6a11963a2176b27544733eb33b7d246fc3266b44,000,COMPLETE,0,3c36947d-4c68-4c94-906e-861465b8997c,SUCCESS,EXACT,24.934486332989763,verifiers/target/search-baselines/run-01/create-quiz/deterministic/c1/r01-5b2b66bcdaa1aebdbf5ac10f6a11963a2176b27544733eb33b7d246fc3266b44/attempt.json,0,0,0,,0.883932542,0.0
create-quiz,a8aa42c2fc0d5b41eb5e644a6fda8fbcba2ff3b199223cc549106b5ef896e5c7,deterministic,,2,6ac55f24e7b755f3c5ec566b271270c25b852b259cce17949a86ff707d202682,001,COMPLETE,0,3ad362b6-0add-4eaa-96ce-975b295594f4,COMPENSATED,EXACT,24.04009904101258,verifiers/target/search-baselines/run-01/create-quiz/deterministic/c1/r02-6ac55f24e7b755f3c5ec566b271270c25b852b259cce17949a86ff707d202682/attempt.json,0,0,0,,0.894630042,0.0
create-quiz,a8aa42c2fc0d5b41eb5e644a6fda8fbcba2ff3b199223cc549106b5ef896e5c7,deterministic,,3,d09dc82c3045716b9eb99cd5da4870547c24ba8fd33c5944218752090e8c67e4,010,COMPLETE,0,456405a3-98ee-436b-8aaf-85a6c4cff415,COMPENSATED,EXACT,23.944511124980636,verifiers/target/search-baselines/run-01/create-quiz/deterministic/c1/r03-d09dc82c3045716b9eb99cd5da4870547c24ba8fd33c5944218752090e8c67e4/attempt.json,0,0,0,,1.314307167,0.0
create-quiz,a8aa42c2fc0d5b41eb5e644a6fda8fbcba2ff3b199223cc549106b5ef896e5c7,deterministic,,4,cf250c8d0c0e359bfaa1c604b8e11622313708a91c13618a6952cc149227de15,100,COMPLETE,0,ce1db788-f5fb-4d54-b856-e3fa10e35175,COMPENSATED,EXACT,25.110789667000063,verifiers/target/search-baselines/run-01/create-quiz/deterministic/c1/r04-cf250c8d0c0e359bfaa1c604b8e11622313708a91c13618a6952cc149227de15/attempt.json,0,0,0,,0.826548792,0.0
create-quiz,a8aa42c2fc0d5b41eb5e644a6fda8fbcba2ff3b199223cc549106b5ef896e5c7,random,11,1,5b2b66bcdaa1aebdbf5ac10f6a11963a2176b27544733eb33b7d246fc3266b44,000,COMPLETE,0,4f11b02d-bc72-473d-a889-89601b9f27d0,SUCCESS,EXACT,24.38238475000253,verifiers/target/search-baselines/run-01/create-quiz/random-11/c1/r01-5b2b66bcdaa1aebdbf5ac10f6a11963a2176b27544733eb33b7d246fc3266b44/attempt.json,0,0,0,,1.573645709,0.0
create-quiz,a8aa42c2fc0d5b41eb5e644a6fda8fbcba2ff3b199223cc549106b5ef896e5c7,random,11,2,6ac55f24e7b755f3c5ec566b271270c25b852b259cce17949a86ff707d202682,001,COMPLETE,0,294a05ef-fd74-4bdf-bbf6-631ca60a6264,COMPENSATED,EXACT,24.16066933295224,verifiers/target/search-baselines/run-01/create-quiz/random-11/c1/r02-6ac55f24e7b755f3c5ec566b271270c25b852b259cce17949a86ff707d202682/attempt.json,0,0,0,,1.528015251,0.0
create-quiz,a8aa42c2fc0d5b41eb5e644a6fda8fbcba2ff3b199223cc549106b5ef896e5c7,random,11,3,d09dc82c3045716b9eb99cd5da4870547c24ba8fd33c5944218752090e8c67e4,010,COMPLETE,0,cb7209bb-2d06-42e3-827f-1374a4672c6d,COMPENSATED,EXACT,24.65445091703441,verifiers/target/search-baselines/run-01/create-quiz/random-11/c1/r03-d09dc82c3045716b9eb99cd5da4870547c24ba8fd33c5944218752090e8c67e4/attempt.json,0,0,0,,1.833854501,0.0
create-quiz,a8aa42c2fc0d5b41eb5e644a6fda8fbcba2ff3b199223cc549106b5ef896e5c7,random,11,4,cf250c8d0c0e359bfaa1c604b8e11622313708a91c13618a6952cc149227de15,100,COMPLETE,0,80125116-d40a-453b-8b43-a56b277d164d,COMPENSATED,EXACT,24.0770505410037,verifiers/target/search-baselines/run-01/create-quiz/random-11/c1/r04-cf250c8d0c0e359bfaa1c604b8e11622313708a91c13618a6952cc149227de15/attempt.json,0,0,0,,1.413423668,0.0
create-quiz,a8aa42c2fc0d5b41eb5e644a6fda8fbcba2ff3b199223cc549106b5ef896e5c7,random,29,1,cf250c8d0c0e359bfaa1c604b8e11622313708a91c13618a6952cc149227de15,100,COMPLETE,0,ff2da458-8018-4644-9033-809a49a2bc1c,COMPENSATED,EXACT,23.860754624998663,verifiers/target/search-baselines/run-01/create-quiz/random-29/c1/r01-cf250c8d0c0e359bfaa1c604b8e11622313708a91c13618a6952cc149227de15/attempt.json,0,0,0,,0.881524792,0.0
create-quiz,a8aa42c2fc0d5b41eb5e644a6fda8fbcba2ff3b199223cc549106b5ef896e5c7,random,29,2,d09dc82c3045716b9eb99cd5da4870547c24ba8fd33c5944218752090e8c67e4,010,COMPLETE,0,98973168-7a41-450a-9efe-cdcd298b7004,COMPENSATED,EXACT,23.256864292023238,verifiers/target/search-baselines/run-01/create-quiz/random-29/c1/r02-d09dc82c3045716b9eb99cd5da4870547c24ba8fd33c5944218752090e8c67e4/attempt.json,0,0,0,,0.959002208,0.0
create-quiz,a8aa42c2fc0d5b41eb5e644a6fda8fbcba2ff3b199223cc549106b5ef896e5c7,random,29,3,6ac55f24e7b755f3c5ec566b271270c25b852b259cce17949a86ff707d202682,001,COMPLETE,0,30796ad5-61c3-4ea9-a022-7b01f31284d3,COMPENSATED,EXACT,24.910086292016786,verifiers/target/search-baselines/run-01/create-quiz/random-29/c1/r03-6ac55f24e7b755f3c5ec566b271270c25b852b259cce17949a86ff707d202682/attempt.json,0,0,0,,1.179102459,0.0
create-quiz,a8aa42c2fc0d5b41eb5e644a6fda8fbcba2ff3b199223cc549106b5ef896e5c7,random,29,4,5b2b66bcdaa1aebdbf5ac10f6a11963a2176b27544733eb33b7d246fc3266b44,000,COMPLETE,0,b71d3654-aefb-43ea-ab9d-c35498a46d15,SUCCESS,EXACT,25.47314637497766,verifiers/target/search-baselines/run-01/create-quiz/random-29/c1/r04-5b2b66bcdaa1aebdbf5ac10f6a11963a2176b27544733eb33b7d246fc3266b44/attempt.json,0,0,0,,1.122467751,0.0
create-quiz,a8aa42c2fc0d5b41eb5e644a6fda8fbcba2ff3b199223cc549106b5ef896e5c7,random,47,1,cf250c8d0c0e359bfaa1c604b8e11622313708a91c13618a6952cc149227de15,100,COMPLETE,0,3b90038e-fcb6-4c7a-a7fc-1683c4039a26,COMPENSATED,EXACT,24.224663458007853,verifiers/target/search-baselines/run-01/create-quiz/random-47/c1/r01-cf250c8d0c0e359bfaa1c604b8e11622313708a91c13618a6952cc149227de15/attempt.json,0,0,0,,1.623722959,0.0
create-quiz,a8aa42c2fc0d5b41eb5e644a6fda8fbcba2ff3b199223cc549106b5ef896e5c7,random,47,2,6ac55f24e7b755f3c5ec566b271270c25b852b259cce17949a86ff707d202682,001,COMPLETE,0,f3182f3b-e019-4232-abdc-fbf2a3c9c5d8,COMPENSATED,EXACT,23.678053458046634,verifiers/target/search-baselines/run-01/create-quiz/random-47/c1/r02-6ac55f24e7b755f3c5ec566b271270c25b852b259cce17949a86ff707d202682/attempt.json,0,0,0,,1.562668792,0.0
create-quiz,a8aa42c2fc0d5b41eb5e644a6fda8fbcba2ff3b199223cc549106b5ef896e5c7,random,47,3,5b2b66bcdaa1aebdbf5ac10f6a11963a2176b27544733eb33b7d246fc3266b44,000,COMPLETE,0,68671ea3-7264-4564-8f89-cfe4af7a7938,SUCCESS,EXACT,25.181378291978035,verifiers/target/search-baselines/run-01/create-quiz/random-47/c1/r03-5b2b66bcdaa1aebdbf5ac10f6a11963a2176b27544733eb33b7d246fc3266b44/attempt.json,0,0,0,,1.759378334,0.0
create-quiz,a8aa42c2fc0d5b41eb5e644a6fda8fbcba2ff3b199223cc549106b5ef896e5c7,random,47,4,d09dc82c3045716b9eb99cd5da4870547c24ba8fd33c5944218752090e8c67e4,010,COMPLETE,0,48fa157c-eb9b-4265-a66f-5eb27d819d3c,COMPENSATED,EXACT,24.448773374955636,verifiers/target/search-baselines/run-01/create-quiz/random-47/c1/r04-d09dc82c3045716b9eb99cd5da4870547c24ba8fd33c5944218752090e8c67e4/attempt.json,0,0,0,,1.300407709,0.0
create-quiz,a8aa42c2fc0d5b41eb5e644a6fda8fbcba2ff3b199223cc549106b5ef896e5c7,random,71,1,6ac55f24e7b755f3c5ec566b271270c25b852b259cce17949a86ff707d202682,001,COMPLETE,0,c68449b3-aa4b-4fab-9339-52642802105e,COMPENSATED,EXACT,24.18443591700634,verifiers/target/search-baselines/run-01/create-quiz/random-71/c1/r01-6ac55f24e7b755f3c5ec566b271270c25b852b259cce17949a86ff707d202682/attempt.json,0,0,0,,1.123141584,0.0
create-quiz,a8aa42c2fc0d5b41eb5e644a6fda8fbcba2ff3b199223cc549106b5ef896e5c7,random,71,2,5b2b66bcdaa1aebdbf5ac10f6a11963a2176b27544733eb33b7d246fc3266b44,000,COMPLETE,0,f570ab51-f704-48c7-956c-ddc922250b8a,SUCCESS,EXACT,26.584707500005607,verifiers/target/search-baselines/run-01/create-quiz/random-71/c1/r02-5b2b66bcdaa1aebdbf5ac10f6a11963a2176b27544733eb33b7d246fc3266b44/attempt.json,0,0,0,,1.597883709,0.0
create-quiz,a8aa42c2fc0d5b41eb5e644a6fda8fbcba2ff3b199223cc549106b5ef896e5c7,random,71,3,cf250c8d0c0e359bfaa1c604b8e11622313708a91c13618a6952cc149227de15,100,COMPLETE,0,a00db832-e2bd-47a4-8178-4353a4410758,COMPENSATED,EXACT,23.571246750012506,verifiers/target/search-baselines/run-01/create-quiz/random-71/c1/r03-cf250c8d0c0e359bfaa1c604b8e11622313708a91c13618a6952cc149227de15/attempt.json,0,0,0,,1.219692501,0.0
create-quiz,a8aa42c2fc0d5b41eb5e644a6fda8fbcba2ff3b199223cc549106b5ef896e5c7,random,71,4,d09dc82c3045716b9eb99cd5da4870547c24ba8fd33c5944218752090e8c67e4,010,COMPLETE,0,9ada6803-a582-4c7c-a149-ae7c5886af28,COMPENSATED,EXACT,24.653116624976974,verifiers/target/search-baselines/run-01/create-quiz/random-71/c1/r04-d09dc82c3045716b9eb99cd5da4870547c24ba8fd33c5944218752090e8c67e4/attempt.json,0,0,0,,1.690567459,0.0
create-quiz,a8aa42c2fc0d5b41eb5e644a6fda8fbcba2ff3b199223cc549106b5ef896e5c7,random,101,1,5b2b66bcdaa1aebdbf5ac10f6a11963a2176b27544733eb33b7d246fc3266b44,000,COMPLETE,0,d53e599f-8c85-4d10-b1af-f4f1c378e56a,SUCCESS,EXACT,24.488888457999565,verifiers/target/search-baselines/run-01/create-quiz/random-101/c1/r01-5b2b66bcdaa1aebdbf5ac10f6a11963a2176b27544733eb33b7d246fc3266b44/attempt.json,0,0,0,,1.351539793,0.0
create-quiz,a8aa42c2fc0d5b41eb5e644a6fda8fbcba2ff3b199223cc549106b5ef896e5c7,random,101,2,cf250c8d0c0e359bfaa1c604b8e11622313708a91c13618a6952cc149227de15,100,COMPLETE,0,e3b95d5d-4212-415d-bd10-c46769bc55aa,COMPENSATED,EXACT,23.47761487500975,verifiers/target/search-baselines/run-01/create-quiz/random-101/c1/r02-cf250c8d0c0e359bfaa1c604b8e11622313708a91c13618a6952cc149227de15/attempt.json,0,0,0,,0.995163084,0.0
create-quiz,a8aa42c2fc0d5b41eb5e644a6fda8fbcba2ff3b199223cc549106b5ef896e5c7,random,101,3,d09dc82c3045716b9eb99cd5da4870547c24ba8fd33c5944218752090e8c67e4,010,COMPLETE,0,f97b1e1e-2f03-4de4-a545-6e639d93ee6d,COMPENSATED,EXACT,24.222598292049952,verifiers/target/search-baselines/run-01/create-quiz/random-101/c1/r03-d09dc82c3045716b9eb99cd5da4870547c24ba8fd33c5944218752090e8c67e4/attempt.json,0,0,0,,0.981408625,0.0
create-quiz,a8aa42c2fc0d5b41eb5e644a6fda8fbcba2ff3b199223cc549106b5ef896e5c7,random,101,4,6ac55f24e7b755f3c5ec566b271270c25b852b259cce17949a86ff707d202682,001,COMPLETE,0,3dde8bb3-6379-4ad0-9de3-0a02084ea07a,COMPENSATED,EXACT,24.116381041996647,verifiers/target/search-baselines/run-01/create-quiz/random-101/c1/r04-6ac55f24e7b755f3c5ec566b271270c25b852b259cce17949a86ff707d202682/attempt.json,0,0,0,,0.927145625,0.0
anonymize-event,c2559b797958f4f0c185007cedcc1da6a2eb1b76ef558a593d12d699dec9f60b,deterministic,,1,2efe7c5643a12f1ef0215853eaff1d8cd62e9bbfd4006cecf4971362cca8f588,00,COMPLETE,0,df58ce30-f094-4619-8384-10201be45c95,SUCCESS,EXACT,25.55143162503373,verifiers/target/search-baselines/run-01/anonymize-event/deterministic/c1/r01-2efe7c5643a12f1ef0215853eaff1d8cd62e9bbfd4006cecf4971362cca8f588/attempt.json,0,0,0,,1.459753167,0.0
anonymize-event,c2559b797958f4f0c185007cedcc1da6a2eb1b76ef558a593d12d699dec9f60b,deterministic,,2,6f8e670510673c4a1a4907c50afa1c23ab743e9a0aa1ef5d217273da3ecb8c7d,01,COMPLETE,0,919a652f-27a3-412c-816e-a945f4c9d54b,COMPENSATED,EXACT,24.975676957983524,verifiers/target/search-baselines/run-01/anonymize-event/deterministic/c1/r02-6f8e670510673c4a1a4907c50afa1c23ab743e9a0aa1ef5d217273da3ecb8c7d/attempt.json,0,0,0,,1.420125209,0.0
anonymize-event,c2559b797958f4f0c185007cedcc1da6a2eb1b76ef558a593d12d699dec9f60b,deterministic,,3,b24615488182cc18f528d0187c6002d90f3b5022c375a1c00af48e94649ce59b,10,COMPLETE,0,c24b8e99-714d-4a1b-8c4e-7baae0b62ce8,COMPENSATED,EXACT,25.30155991599895,verifiers/target/search-baselines/run-01/anonymize-event/deterministic/c1/r03-b24615488182cc18f528d0187c6002d90f3b5022c375a1c00af48e94649ce59b/attempt.json,0,0,0,,1.630311376,0.0
anonymize-event,c2559b797958f4f0c185007cedcc1da6a2eb1b76ef558a593d12d699dec9f60b,random,11,1,2efe7c5643a12f1ef0215853eaff1d8cd62e9bbfd4006cecf4971362cca8f588,00,COMPLETE,0,bf6b8ba8-eacd-40bf-a7f4-1fe38b06f09d,SUCCESS,EXACT,25.737869624979794,verifiers/target/search-baselines/run-01/anonymize-event/random-11/c1/r01-2efe7c5643a12f1ef0215853eaff1d8cd62e9bbfd4006cecf4971362cca8f588/attempt.json,0,0,0,,2.039827876,0.0
anonymize-event,c2559b797958f4f0c185007cedcc1da6a2eb1b76ef558a593d12d699dec9f60b,random,11,2,b24615488182cc18f528d0187c6002d90f3b5022c375a1c00af48e94649ce59b,10,COMPLETE,0,783ac635-a7b8-459d-8dbb-2b25c90b8161,COMPENSATED,EXACT,23.929223000013735,verifiers/target/search-baselines/run-01/anonymize-event/random-11/c1/r02-b24615488182cc18f528d0187c6002d90f3b5022c375a1c00af48e94649ce59b/attempt.json,0,0,0,,1.608247584,0.0
anonymize-event,c2559b797958f4f0c185007cedcc1da6a2eb1b76ef558a593d12d699dec9f60b,random,11,3,6f8e670510673c4a1a4907c50afa1c23ab743e9a0aa1ef5d217273da3ecb8c7d,01,COMPLETE,0,d9b9725e-317d-4312-8cb7-ed7ba80e8b93,COMPENSATED,EXACT,23.297615625022445,verifiers/target/search-baselines/run-01/anonymize-event/random-11/c1/r03-6f8e670510673c4a1a4907c50afa1c23ab743e9a0aa1ef5d217273da3ecb8c7d/attempt.json,0,0,0,,1.408792584,0.0
anonymize-event,c2559b797958f4f0c185007cedcc1da6a2eb1b76ef558a593d12d699dec9f60b,random,29,1,6f8e670510673c4a1a4907c50afa1c23ab743e9a0aa1ef5d217273da3ecb8c7d,01,COMPLETE,0,c67b27cb-f5e5-49cd-bed8-950f380b79a0,COMPENSATED,EXACT,24.901916457980406,verifiers/target/search-baselines/run-01/anonymize-event/random-29/c1/r01-6f8e670510673c4a1a4907c50afa1c23ab743e9a0aa1ef5d217273da3ecb8c7d/attempt.json,0,0,0,,1.228796126,0.0
anonymize-event,c2559b797958f4f0c185007cedcc1da6a2eb1b76ef558a593d12d699dec9f60b,random,29,2,2efe7c5643a12f1ef0215853eaff1d8cd62e9bbfd4006cecf4971362cca8f588,00,COMPLETE,0,354b82a9-72f3-4737-8670-4ea43c838ce6,SUCCESS,EXACT,25.516817458963487,verifiers/target/search-baselines/run-01/anonymize-event/random-29/c1/r02-2efe7c5643a12f1ef0215853eaff1d8cd62e9bbfd4006cecf4971362cca8f588/attempt.json,0,0,0,,1.294830417,0.0
anonymize-event,c2559b797958f4f0c185007cedcc1da6a2eb1b76ef558a593d12d699dec9f60b,random,29,3,b24615488182cc18f528d0187c6002d90f3b5022c375a1c00af48e94649ce59b,10,COMPLETE,0,14b27b38-71c6-4eaf-a929-81e0ff837280,COMPENSATED,EXACT,24.388423249998596,verifiers/target/search-baselines/run-01/anonymize-event/random-29/c1/r03-b24615488182cc18f528d0187c6002d90f3b5022c375a1c00af48e94649ce59b/attempt.json,0,0,0,,1.215276376,0.0
anonymize-event,c2559b797958f4f0c185007cedcc1da6a2eb1b76ef558a593d12d699dec9f60b,random,47,1,b24615488182cc18f528d0187c6002d90f3b5022c375a1c00af48e94649ce59b,10,COMPLETE,0,5fe0cdcd-575d-40cb-831f-e668b4babfee,COMPENSATED,EXACT,25.08215500001097,verifiers/target/search-baselines/run-01/anonymize-event/random-47/c1/r01-b24615488182cc18f528d0187c6002d90f3b5022c375a1c00af48e94649ce59b/attempt.json,0,0,0,,1.919996209,0.0
anonymize-event,c2559b797958f4f0c185007cedcc1da6a2eb1b76ef558a593d12d699dec9f60b,random,47,2,2efe7c5643a12f1ef0215853eaff1d8cd62e9bbfd4006cecf4971362cca8f588,00,COMPLETE,0,7cd02414-b9fc-40c5-83cb-00a7edd91e7f,SUCCESS,EXACT,26.153592167014722,verifiers/target/search-baselines/run-01/anonymize-event/random-47/c1/r02-2efe7c5643a12f1ef0215853eaff1d8cd62e9bbfd4006cecf4971362cca8f588/attempt.json,0,0,0,,2.037566792,0.0
anonymize-event,c2559b797958f4f0c185007cedcc1da6a2eb1b76ef558a593d12d699dec9f60b,random,47,3,6f8e670510673c4a1a4907c50afa1c23ab743e9a0aa1ef5d217273da3ecb8c7d,01,COMPLETE,0,581cce68-8769-4d64-a9f0-7192ddde7536,COMPENSATED,EXACT,24.750200125039555,verifiers/target/search-baselines/run-01/anonymize-event/random-47/c1/r03-6f8e670510673c4a1a4907c50afa1c23ab743e9a0aa1ef5d217273da3ecb8c7d/attempt.json,0,0,0,,1.984360334,0.0
anonymize-event,c2559b797958f4f0c185007cedcc1da6a2eb1b76ef558a593d12d699dec9f60b,random,71,1,b24615488182cc18f528d0187c6002d90f3b5022c375a1c00af48e94649ce59b,10,COMPLETE,0,06a048d6-2abe-409b-b3fa-e3c8b67df37c,COMPENSATED,EXACT,25.340233167051338,verifiers/target/search-baselines/run-01/anonymize-event/random-71/c1/r01-b24615488182cc18f528d0187c6002d90f3b5022c375a1c00af48e94649ce59b/attempt.json,0,0,0,,1.393553084,0.0
anonymize-event,c2559b797958f4f0c185007cedcc1da6a2eb1b76ef558a593d12d699dec9f60b,random,71,2,2efe7c5643a12f1ef0215853eaff1d8cd62e9bbfd4006cecf4971362cca8f588,00,COMPLETE,0,3e83cb91-dbed-4a8e-ba0e-2fabafab2ff2,SUCCESS,EXACT,28.06260729202768,verifiers/target/search-baselines/run-01/anonymize-event/random-71/c1/r02-2efe7c5643a12f1ef0215853eaff1d8cd62e9bbfd4006cecf4971362cca8f588/attempt.json,0,0,0,,1.712632543,0.0
anonymize-event,c2559b797958f4f0c185007cedcc1da6a2eb1b76ef558a593d12d699dec9f60b,random,71,3,6f8e670510673c4a1a4907c50afa1c23ab743e9a0aa1ef5d217273da3ecb8c7d,01,COMPLETE,0,a91f5c53-a365-404e-b0e2-a968a51de34b,COMPENSATED,EXACT,24.57724558300106,verifiers/target/search-baselines/run-01/anonymize-event/random-71/c1/r03-6f8e670510673c4a1a4907c50afa1c23ab743e9a0aa1ef5d217273da3ecb8c7d/attempt.json,0,0,0,,1.268036668,0.0
anonymize-event,c2559b797958f4f0c185007cedcc1da6a2eb1b76ef558a593d12d699dec9f60b,random,101,1,6f8e670510673c4a1a4907c50afa1c23ab743e9a0aa1ef5d217273da3ecb8c7d,01,COMPLETE,0,cad18360-b7a4-40ca-8e53-1ae2993df349,COMPENSATED,EXACT,24.590617000008933,verifiers/target/search-baselines/run-01/anonymize-event/random-101/c1/r01-6f8e670510673c4a1a4907c50afa1c23ab743e9a0aa1ef5d217273da3ecb8c7d/attempt.json,0,0,0,,1.788507376,0.0
anonymize-event,c2559b797958f4f0c185007cedcc1da6a2eb1b76ef558a593d12d699dec9f60b,random,101,2,2efe7c5643a12f1ef0215853eaff1d8cd62e9bbfd4006cecf4971362cca8f588,00,COMPLETE,0,1059c36f-2371-4c73-8f8c-7aa4ed80a1f0,SUCCESS,EXACT,25.130184041976463,verifiers/target/search-baselines/run-01/anonymize-event/random-101/c1/r02-2efe7c5643a12f1ef0215853eaff1d8cd62e9bbfd4006cecf4971362cca8f588/attempt.json,0,0,0,,1.492440668,0.0
anonymize-event,c2559b797958f4f0c185007cedcc1da6a2eb1b76ef558a593d12d699dec9f60b,random,101,3,b24615488182cc18f528d0187c6002d90f3b5022c375a1c00af48e94649ce59b,10,COMPLETE,0,9627055f-7419-43c7-bb6c-ca3a99e8d7d6,COMPENSATED,EXACT,24.095078625017777,verifiers/target/search-baselines/run-01/anonymize-event/random-101/c1/r03-b24615488182cc18f528d0187c6002d90f3b5022c375a1c00af48e94649ce59b/attempt.json,0,0,0,,1.241817042,0.0
